,Átomo 0,Átomo 1,Átomo 2,Átomo 3,Átomo 4,Átomo 5,Átomo 6,Átomo 7,Átomo 8,Átomo 9,Átomo 10,Átomo 11,Átomo 12,Átomo 13,Átomo 14,Átomo 15,Átomo 16,Átomo 17,Átomo 18,Átomo 19,Átomo 20,Átomo 21,Átomo 22,Átomo 23,Átomo 24,Átomo 25,Átomo 26,Átomo 27,Átomo 28,Átomo 29,Átomo 30,Átomo 31,Átomo 32,Átomo 33,Átomo 34,Átomo 35,Átomo 36,Átomo 37,Átomo 38,Átomo 39
Día 1,0.1619,0.0,0.0,0.0,0.0,0.0,0.0,0.0,0.0,0.0,0.0,0.0,0.0,-0.1291,0.0,0.0,0.0,0.0,0.0,0.0,0.0,0.0,0.0,0.0,0.0,0.0,0.0,3.6614,0.0,0.0,0.0,0.0,0.0,0.0,0.0,0.0,0.0,0.0,0.0,0.0
Día 2,0.0,0.0,0.0,0.0,0.0,0.0,0.0,0.0,0.0,0.0,0.0,0.0,0.0,0.0,0.0,0.0,0.0,0.0,0.0,0.0,0.0,0.0,0.0,0.0,0.0,0.0,0.0,1.4193,0.0,0.0,0.0,0.0,0.0,-0.2035,0.0,0.0,0.0,0.0,0.0,2.3344
Día 3,0.0,0.0,0.0,0.0,0.0,0.0,0.0,0.0,0.0,0.0,0.0,0.0,0.0,0.0,0.0,0.0,-0.2716,0.0,0.0,0.0,0.0,0.0,0.0,0.0,0.0,0.0,0.0,2.2161,0.0,0.0,0.0,0.0,0.0,0.0,0.0,0.3203,0.0,0.0,0.0,1.883
Día 4,0.0,0.0,0.0,0.0,0.0,0.0,0.0,0.0,0.0,0.0,0.0,0.0,0.0,0.0,0.0,0.0,0.0,0.0,0.0,0.0,0.0,0.0,0.0,0.0,0.0,0.0,0.0,1.9386,0.0,0.0,0.6992,0.0,0.0,0.0,-1.6587,0.0,0.0,0.0,0.0,0.4371
Día 5,0.0,0.0,0.0,0.0,0.0,0.0,0.0,0.0,0.0,0.0,0.0,0.0,0.0,0.0,0.0,0.0,0.0,0.0,-0.1978,0.0,0.0,0.0,0.0,0.0,0.0,0.0,0.0,0.0,0.0,0.0,2.3272,0.0,0.0,0.0,0.0,0.0,0.0,0.0,0.0,0.0
Día 6,0.0,1.213,0.0,0.0,0.0,0.0,0.0,0.0,0.0,0.0,0.0,0.0,0.0,0.0,0.0,0.0,0.0,-3.9587,0.0,0.0,0.0,0.0,0.0,0.0,0.0,0.0,0.0,0.0,0.0,0.0,0.0,0.0,0.0,0.0,0.0,0.0,0.0,0.0,0.0,0.0
Día 7,0.0,0.0,0.0,0.0,0.0,19.2348,0.0,0.0,0.0,0.0,0.0,0.0,0.0,0.0,0.0,0.0,0.0,0.0,0.0,0.0,0.0,0.0,0.0,0.0,0.0,0.0,0.0,0.0,0.0,0.0,0.0,0.0,0.0,0.0,0.0,0.0,0.0,0.0,0.0,0.0
Día 8,0.0,0.5199,0.0,0.0,0.0,0.0,0.0,0.0,-0.3796,0.0,0.0,0.0,0.0,0.0,0.0,0.0,0.0,-0.2036,0.0,0.0,0.0,0.0,0.0,0.0,0.0,0.0,-1.9817,0.0,0.0,0.0,1.9413,0.0,0.0,0.0,0.0,0.0,0.0,0.0,0.0,0.0
Día 9,0.2247,0.0,0.0,0.0,0.0,0.0,0.0,0.0,0.0,0.0,0.0,0.0,0.0,0.0,0.0,0.0,0.0,0.0,0.0,0.0,0.0,0.0,0.0,-2.8491,0.0,0.0,0.0,0.4251,0.0,0.0,1.2924,0.0,-0.6858,0.0,0.0,0.0,0.0,0.0,0.0,0.0263
Día 10,0.0,0.0,0.0,0.0,0.0,0.0,0.0,0.0,0.0,0.0,0.0,0.0,0.0,0.0,0.0,0.0,0.0,0.0,0.0,0.0,0.0,0.0,0.0,0.0,0.0,0.0,0.0,0.0,0.0,0.0,0.0,0.0,0.0,0.0,-0.7269,0.0,0.0,-0.0905,0.0,4.3749
Día 11,0.0,0.0,0.0,0.0,0.0,0.0,0.0,0.0,0.0,0.0,0.0,0.0,0.0,0.0,0.0,0.0,0.0,0.0,0.0,0.0,0.0,0.0,0.0,0.0,0.0,0.0,-1.4622,0.0,0.0,0.0,0.0,0.0,-1.7284,0.0,0.0,0.0,0.0,0.0,-0.0012,0.0
Día 12,0.0,0.0,0.0,0.0,0.0,0.0,0.0,0.0,0.0,0.0,0.0,0.0,0.0,0.0,0.0,0.0,0.0,0.0,0.0,0.0,0.0,0.0,0.0,-0.1827,0.0,0.0,0.0,0.0,0.0,0.0,1.8056,0.0,-0.3956,0.0,0.0,0.0,0.0,0.0,0.0,1.1251
Día 13,0.0,0.0,0.0,0.0,0.0,0.0,0.0,0.0,0.0,0.0,0.0,0.0,0.0,0.0,0.0,0.0,0.0,0.0,0.0,0.0,0.0,0.9796,0.0,0.0,0.0,0.0,0.0,0.0,0.0,0.0,0.0,0.0,0.0,0.0,0.0,0.0,0.0,-0.2347,0.0,1.0842
Día 14,0.0,0.0,0.0,0.0,0.0,0.0,0.0,0.0,0.0,0.0,0.0,0.0,0.0,0.0,1.3516,0.0,0.0,0.0,0.0,0.0,0.0,0.0408,2.2645,0.0,0.0,0.0,0.0,0.0,0.0,0.0,0.0,0.0,0.0,0.0,0.0,0.0,0.0,0.0,-0.4216,0.0
Día 15,0.0,0.0,0.0,0.0,-0.3171,0.0,0.0,0.0,0.0,0.0,0.0,0.0,0.0,0.0,0.0,0.0,0.0,0.0,0.0,0.0,0.0,0.0,0.0,0.0,0.0,0.0,-0.7264,0.0,0.0,0.0,0.0,0.0,0.0,0.0,0.0,0.0,0.0,0.0,-2.3585,0.0
Día 16,0.0,0.0,0.0,0.0,0.0,0.0,0.0,0.0,0.0,0.0,0.0,0.0,0.0,0.0,0.0,0.0,0.0,0.0,0.0,0.0,0.0,0.0,0.0,-2.1538,0.0,0.0,0.0,0.0,0.0,0.0,2.0851,0.0,0.0,0.0,0.0,0.0,0.0,0.0,0.0,0.0
Día 17,0.922,0.0,0.0,0.0,0.0,0.0,0.0,0.0,0.0,0.0,0.0,0.0,0.0,-0.057,0.0,0.0,0.0,0.0,0.0,0.0,0.0,0.0,0.0,-1.2896,0.0,0.0,0.0,1.6581,0.0,0.0,0.0,0.0,0.0,0.0,0.0,0.0,0.0,0.0,-0.4256,1.9377
Día 18,0.0,0.0,0.0,0.0,0.0,0.0,0.0,0.0,0.0,0.0,0.0,0.0,0.0,0.0,0.0,0.0,0.0,0.0,0.0,0.0,0.0,0.0,0.0,-0.9141,0.0,0.0,0.0,0.0,0.0,0.0,0.0,0.0,-0.2559,0.0,-3.3548,0.0,0.0,0.0,0.0,0.7464
Día 19,0.0,0.0,0.0,0.0,0.0,0.0,0.0,0.0,0.0,0.0,0.0,0.0,0.0,0.0,0.0,0.0,-0.727,-2.0196,0.0,0.0,0.0,0.0,0.0,0.0,0.0,0.0,0.0,0.0,0.0,0.0,1.7194,0.0,0.0,0.0,-1.2017,0.0,0.0,0.0,0.0,0.0
Día 20,0.0,0.0,0.0,0.0,0.0,0.0,0.0,0.0,0.0,0.0,0.0,0.0,0.0,0.0,0.0,0.0,0.0,-1.5405,0.0,0.0,0.0,0.0,0.0,0.0,0.0,0.0,0.0,0.0,0.0,-0.4793,2.5561,0.0,0.0,0.0,0.0,0.0,0.0,0.0,0.0,0.0
Día 21,0.0,0.0,0.0,0.0,0.0,0.0,0.0,0.0,0.0,0.0,0.0,0.0,0.0,0.0,0.0,0.0,-0.4955,0.0,0.0,0.0,0.0,0.0,0.0,0.0,0.0,0.0,0.0,0.0,0.0,0.0,3.9373,0.0,0.0,0.0,0.0,0.0,0.0,0.0,0.0,0.0
Día 22,0.0,0.0,0.0,0.0,0.0,0.0,0.0,0.0,0.0,0.0,0.0,0.0,0.0,0.0,0.0,0.0,-1.06,0.0,0.0,0.0,0.0,0.0,0.0,0.0,0.0,0.0,0.0,0.0,0.0,0.0,3.9078,0.0,0.0,0.0,-0.5408,0.0,0.0,0.0,0.0,0.0
Día 23,0.0,0.0,0.0,0.0,0.0,0.0,0.0,0.0,-0.1805,0.0,0.0,0.0,0.0,0.0,0.0,0.0,0.0,-1.6513,0.0,0.0,0.0,0.0,0.0,0.0,0.0,0.0,0.0,0.0,0.0,0.0,2.1984,0.0,0.0,0.0,0.0,0.0,0.0,0.0,0.0,0.0
Día 24,0.0,0.0,0.0,0.0,0.0,0.0,0.0,0.0,0.0,0.0,0.0,0.0,0.0,0.0,0.0,0.0,0.0,-3.9222,0.0,0.0,0.0,0.365,0.0,0.0,-0.1605,0.0,0.0,0.0,0.0,0.0,0.0,0.0,0.0,0.0,0.0,0.0,0.0,0.0,0.0,0.0
Día 25,0.0,0.0,0.0,0.0,0.0,0.0,0.0,0.0,-1.1197,0.0,0.0,0.0,0.0,0.0,0.0,0.0,0.0,0.0,0.0,-1.0372,0.0,0.0,0.0,0.0,0.0,0.0,-0.9669,0.0,0.0,0.0,2.388,0.0,0.0,0.0,0.0,0.0,0.0,0.0,0.0,0.0
Día 26,0.2584,0.0,0.0,0.0,0.0,0.0,0.0,0.0,0.0,0.0,0.0,0.0,0.0,0.0,0.0,0.0,0.0,0.0,0.0,0.0,0.0,0.0,0.0,0.0,0.0,0.0,0.0,0.8006,0.0,0.0,0.0,0.0,0.0,0.0,0.0,0.0,0.0,0.0,0.0,1.7046
Día 27,0.0,0.0,0.0,0.2479,0.0,0.0,0.0,0.0,0.0,0.0,0.0,0.0,0.0,0.0,0.0,0.0,0.0,0.0,0.0,0.0,0.0,0.0,0.0,0.0,0.0,0.0,0.0,0.0,0.0,0.0,0.0,0.0,0.0,0.0,0.0,0.0,0.0,0.0,0.0,1.719
Día 28,0.0,0.0,0.0,0.0,0.0,0.0,0.0,0.0,0.0,0.0,0.0,0.0,0.0,0.0,0.0,0.0,0.0,0.0,0.0,0.0,0.0,0.3895,0.0,0.0,0.0,0.0,0.0,0.0,0.0,0.0,0.0,0.0,0.0,0.0,0.0,0.0,0.0,0.0,0.0,0.9146
Día 29,0.0,0.0,0.0,0.0,0.0,0.0,0.0,0.0,0.0,0.0,0.0,0.0,0.0,0.0,0.5705,0.0,0.0,0.0,0.0,0.0,0.0,1.5707,0.0,0.0,0.0,0.0,0.0,0.0,0.0,0.0,0.0,0.0,0.0,0.0,0.0,0.0,0.0,0.0,0.0,0.0
Día 30,0.0,0.0,0.0,0.0,0.0,0.0,0.0,0.0,0.0,0.0,0.0,0.0,0.0,0.0,0.0,0.0,0.0,0.0,0.0,0.0,0.0,2.96,0.0,0.0,0.0,0.0,0.0,0.0,0.0,0.0,0.0,0.0,0.0,0.0,0.0,0.0,0.0,0.0,0.0,0.0
Día 31,0.0,0.0,0.0,0.0,0.0,0.0,0.0,0.0,0.0,0.0,0.0,0.0,0.0,-0.2585,0.0,0.0,0.0,0.0,0.0,0.0,0.0,1.0651,0.0,0.0,0.0,-0.383,0.0,0.0,-0.2089,0.0,0.0,0.0,0.0,0.0,0.0,0.0,0.0,0.0,0.0,0.0
Día 32,0.0,0.0,0.0,0.0,0.0,0.0,0.0,0.0,0.0,0.0,0.0,0.0,0.0,0.0,0.0,0.0,0.0,-1.828,-0.3764,0.0,0.0,0.0,0.0,0.0,0.0,0.0,0.0,0.0,0.0,0.0,0.0,0.0,0.0,-0.6616,0.0,0.0,0.0,0.0,0.0,0.0
Día 33,0.0,0.0,0.0,0.0,0.0,0.0,0.0,0.0,-7.6644,0.0,0.0,0.0,0.0,0.0,0.0,0.0,0.0,-0.5718,0.0,0.0,0.0,0.0,0.0,0.0,0.0,0.0,0.0,0.0,0.0,0.0,0.0,0.0,0.0,0.0,0.0,0.0,0.0,0.0,0.0,0.0
Día 34,0.0,0.0,0.0,0.0,0.0,0.0,0.0,0.0,0.0,0.0,0.0,0.0,0.0,0.0,0.0,0.0,0.0,0.0,0.0,0.0,0.0,0.0,0.0,-1.9652,0.0,0.0,0.0,0.0,0.0,0.0,0.0,0.0,-1.4918,0.0,0.0,0.0,0.0,0.0,0.0,0.5901
Día 35,0.0,0.0,0.0,0.0,0.0,0.0,0.0,0.0,0.0,0.0,0.0,0.0,0.0,0.0,0.0,0.0,0.0,0.0,0.0,0.0,0.0,0.0,0.0,0.0,0.0,0.0,0.0,1.4239,0.0,0.0,0.0,0.0,0.0,0.0,0.0,0.0,0.0,0.0,0.0,3.1542
Día 36,0.0,0.0,0.0,0.2642,0.0,0.0,0.0,0.0,0.0,0.0,0.0,0.0,0.0,0.0,0.0,0.0,-0.5985,0.0,0.0,0.0,0.0,0.0,0.0,0.0,0.0,0.0,0.0,0.0,0.0,0.0,1.2516,0.0,0.0,-1.421,0.0,0.0,0.0,0.0,0.0,0.0
Día 37,0.0,0.0,4.9778,0.0,0.0,0.0,0.0,0.0,0.0,0.0,0.0,0.0,0.0,0.0,0.0,0.0,0.0,0.0,0.0,0.0,0.0,0.0,0.0,0.0,0.0,0.0,0.0,0.0,0.0,0.0,0.0,0.0,0.0,0.0,0.0,0.0,0.0,0.0,0.0,0.0
Día 38,0.332,0.0,3.5337,0.0,0.0,0.0,0.0,0.0,0.0,1.4871,0.0,0.0,0.0,0.0,0.0,0.0,0.0,0.0,0.0,0.0,0.0,0.0,0.0,0.0,0.0,0.0,0.0,0.0,0.0,0.0,0.0,0.0,0.0,0.0,0.0,0.0,0.0,0.0,0.0,0.0
Día 39,3.6925,0.0,0.0,0.0,0.0,0.0,0.0,0.0,0.0,0.0,0.0,0.0,0.0,0.0,0.0,0.0,0.0,0.0,0.0,0.0,0.0,0.0,0.0,0.0,0.0,0.0,0.0,0.0,0.0,0.0,0.0,0.0,0.0,0.0,0.0,0.0,0.0,0.0,0.0,0.0
Día 40,0.0,0.0,0.0,0.0,0.0,0.0,0.0,0.0,0.0,0.0,0.0,0.0,0.0,0.0,0.0,0.0,0.0,0.0,0.0,0.0,0.0,0.0,0.0,0.0,0.0,0.0,0.0,0.0,0.0,0.0,0.0,0.0,0.0,0.0,0.0,0.0,0.0,0.0,0.0,1.6572
Día 41,0.0,0.0,0.0,0.0,0.0,0.0,0.0,0.0,0.0,0.0,0.0,0.0,0.0,0.0,0.0,0.0,0.0,0.0,0.0,0.0,0.0,0.0,0.0,0.0,0.0,0.0,0.0,0.0,0.0,-0.5634,2.7237,0.0,0.0,0.0,-0.1912,0.0,-0.5876,0.0,0.0,0.0
Día 42,0.0,0.0,0.0,0.0,0.0,0.0,0.0,0.0,0.0,0.0,0.0,0.0,0.0,0.0,0.0,0.0,0.0,0.0,0.0,0.0,0.0,0.0,-0.4932,0.0,0.0,0.0,0.0,0.0,0.0,0.0,0.0,0.0,0.0,0.0,-4.4898,0.0,0.0,0.0,0.0,0.0
Día 43,2.6605,0.0,0.0,0.0,0.0,0.0,0.0,0.0,0.0,0.0,0.0,0.0,0.0,0.0,0.0,0.0,0.0,0.0,-0.5956,0.0,0.0,0.0,0.0,0.0,0.0,0.0,0.0,0.0,0.0,0.0,0.0,0.0,-0.3432,0.0,-1.291,0.0,0.0,0.0,0.0,0.0
Día 44,0.0,0.0,0.0,0.0,0.0,0.0,0.0,0.0,0.0,0.0,0.0,0.0,0.0,0.0,0.0,0.0,0.0,0.0,0.0,0.0,0.0,0.0,0.0,-0.6803,0.0,0.0,-0.7687,0.0,0.0,0.0,0.0,0.0,0.0,0.0,0.0,0.0,0.0,0.0,0.0,0.0
Día 45,0.0,0.0,0.0,0.0,0.0,0.0,0.0,0.0,0.0,0.0,0.0,0.0,0.0,0.0,0.0,0.0,0.0,-0.6604,0.0,0.0,0.0,0.9871,0.0,0.0,-0.5716,0.0,0.0,0.0,0.0,0.0,0.0,0.0,0.0,0.0,0.0,0.0,0.0,0.0,0.0,0.0
Día 46,0.0,0.0,0.1657,0.0,-0.4085,0.0,0.0,0.0,0.0,0.0,0.0,0.0,0.0,0.0,0.0,0.3754,0.0,0.0,0.0,0.0,0.0,0.0,0.0,0.0,0.0,0.0,-0.4956,0.0,0.0,0.0,0.0,0.0,0.0,0.0,0.0,0.0,0.0,0.0,-1.0546,0.0
Día 47,0.0,0.0,0.0,0.0,0.0,0.0,0.0,0.0,0.0,0.0,0.0,0.0,0.0,0.0,0.0,-0.5112,0.0,0.0,0.0,0.3138,0.0,0.0,0.0,0.0,0.0,0.0,0.0,0.0,0.0,0.0,0.0,0.0,0.0,0.0,0.0,0.0,0.0,0.0,0.0,0.6141
Día 48,0.0,-0.1653,0.0,-0.8057,0.0,0.0,0.0,0.0,0.0,0.0,0.0,0.0,0.0,0.0,0.0,0.0,0.0,0.0,0.0,0.0,0.0,1.929,0.0,0.0,0.0,0.0,0.0,0.0,0.0,0.0,0.0,0.0,0.0,0.0,0.0,0.0,0.0,0.0,0.0,0.0
Día 49,0.0,0.0,0.0,0.0,0.0,0.0,0.0,0.0,0.0,0.0,0.0,0.0,0.0,0.0,4.5557,0.0,0.0,0.0,0.0,0.0,0.0,0.0,0.0,0.0,0.0,0.0,0.0,0.0,0.0,0.0,0.0,0.0,0.0,0.0,0.0,0.0,0.0,0.0,0.0,0.0
Día 50,0.0,0.0,0.0,-0.0931,0.0,0.0,0.0,0.0,0.0,0.0,0.0,0.0,0.0,0.0,0.0,0.0,0.0,0.0,0.0,1.6323,0.0,0.0,0.0,0.0,0.0,0.0,0.0,0.0,0.0,0.0,0.0,0.0,0.0,0.0,0.0,0.0,0.0,-0.7324,0.0,0.0
Día 51,0.0,0.0,0.0,2.0167,0.0,0.0,0.0,0.0,0.0,0.0,0.0,0.0,0.0,0.0,0.0,0.0,0.0,0.0,0.0,0.0,0.0,0.0,0.0,0.0,0.0,0.0,0.0,0.0036,0.0,0.0,0.0,0.0,-0.0282,0.0,0.0,0.0,0.0,0.0,0.0,0.0
Día 52,0.0,0.6112,0.0,0.0,0.7176,0.0,0.0,0.0,0.0,0.0,0.0,0.0,0.0,0.0,0.0,0.0,0.0,-1.7623,0.0,0.0,0.0,0.0,0.0,0.0,0.0,0.0,0.0,0.0,0.0,0.0,0.0,0.0,0.0,-0.9034,0.0,0.0,0.0,0.0,0.0,0.0
Día 53,0.0,0.0,0.0,0.6805,0.0,0.0,0.0,0.0,0.0,0.0,0.0,0.0,0.0,-1.4346,0.0,0.0,0.0,0.0,0.0,0.0,0.0,0.0,0.0,0.0,0.0,0.0,0.0,0.0,0.0,0.0,0.0,0.0,0.0,0.0,0.0,0.0,0.0,0.0,0.0,0.0
Día 54,0.0,0.0,0.7847,0.8665,0.0,0.0,0.0,0.0,0.0,0.0,0.0,0.0,0.0,-0.8525,0.0,0.0,0.0,0.0,0.0,0.0,0.0,0.0,0.0,0.0,0.0,-0.314,0.0,0.0,0.0,0.0,0.0,0.0,0.0,0.0,0.0,0.0,0.0,0.0,-0.048,0.0
Día 55,3.0014,0.0,0.0,0.0,0.0,0.0,0.0,0.0,0.0,0.0366,0.0,0.0,0.0,0.0,0.0,0.0,0.0,0.0,0.0,0.0,0.0,0.0,0.0,0.0,0.0,0.0,0.0,0.1054,0.0,0.0,0.0,0.0,0.0,0.0,0.0,0.0,0.0,0.0,0.0,0.0
Día 56,0.0,0.0,0.0,0.0,0.0,0.0,0.0,0.0,0.0,0.0,0.0,0.0,0.0,-1.7866,0.0,0.0,0.0,0.0,0.0,0.0465,0.0,0.0,0.0,0.0,0.0,0.0,0.0,0.0,0.0,0.0,0.0,0.6419,0.0,0.0,0.0,0.0,0.0,0.0,0.0,0.0
Día 57,0.0,0.0,0.0,0.0,0.0,0.0,-10.741,0.0,0.0,0.0,0.0,0.0,0.0,0.0,0.0,0.0,0.0,0.0,0.0,0.0,0.0,0.0,0.0,0.0,0.0,0.0,0.0,0.0,0.0,0.0,0.0,0.0,0.0,0.0,0.0,0.0,0.0,0.0,0.0,0.0
Día 58,0.0,0.0,0.0,0.0,0.0,0.0,0.0,0.0,0.0,0.0,0.0,0.0,0.0,0.0,0.0,0.0,0.0,0.0,0.0,0.0,0.0,0.0,0.0,-2.0753,0.0,0.0,-0.2013,0.0,0.0,0.0,0.0,0.0,0.0,0.0,0.0,0.0,0.0,0.0,0.0,0.0
Día 59,0.8422,0.0,0.0,0.0,0.0,0.0,0.0,0.0,0.0,0.0,0.0,0.0,0.0,0.0,0.0,0.0,0.0,0.0,0.0,0.0,0.0,0.0,0.0,0.0,0.0,0.0,0.0,0.0,0.0,0.0,0.0,0.0,0.0,-0.42,0.0,0.0,0.0,0.0,0.0,1.1423
Día 60,0.0,0.0,0.0,0.0,0.0,0.0,0.0,0.0,0.0,0.0,0.0,0.0,0.0,0.0,0.0,0.0,0.0,0.0,0.0,0.0,0.0,0.0,0.0,0.0,0.0,0.0,0.0,0.0,0.0,0.0,0.0,0.0,0.0,0.0,0.0,0.0,0.0,-0.9685,0.0,0.0
Día 61,0.0,0.0,0.0,0.2993,0.0,0.0,0.0,0.0,0.0,0.0,0.0,0.0,0.0,0.0,0.0,0.0,0.0,0.0,0.0,0.0,0.0,0.0,0.0,0.0,0.0,0.0,0.0,0.0,0.0,0.0,0.1426,0.0,0.0,0.0,0.0,0.0,0.0,0.0,0.0,0.8766
Día 62,0.0,0.0,0.0,0.0,0.0,0.0,0.0,-1.6527,0.0,0.0,0.0,0.0,0.0,0.0,0.0,0.0,0.0,0.0,-0.5656,0.0,0.0,0.0,0.0,0.0,0.0,0.0,0.0,0.0,0.0,0.0,0.0,0.0,0.0,0.0,0.0,0.0,0.0,0.0,0.0,0.0
Día 63,0.0,0.0,0.0,0.0,0.0,0.0,0.0,-1.1339,0.0,0.0,0.0,0.0,0.0,-0.8246,0.0,0.0,0.0,0.0,0.0,0.0,0.0,0.0,0.0,0.0,0.0,0.0,0.0,0.0,-0.0592,0.0,0.0,0.3362,0.0,0.0,0.0,0.0,0.0,0.0,0.0,0.0
Día 64,0.0,-0.9208,0.0,-0.0267,0.0,0.0,0.0,0.0,0.0,0.0,0.0,0.0,0.0,0.0,0.0,0.0,0.0,0.0,0.0,0.0,0.0,0.1935,0.9563,0.0,0.0,0.0,0.0,0.0,0.0,0.0,0.0,0.0,0.0,0.0,0.0,0.0,0.0,0.0,0.0,0.0
Día 65,0.0,0.0,0.0,0.0,0.0,0.0,0.0,0.0,0.0,0.0,-5.1561,0.0,0.0,0.0,0.0,0.0,0.0,0.0,0.0,0.0,0.0,0.0,0.0,0.0,0.0,0.0,0.0,0.0,0.0,0.0,0.0,0.0,0.0,0.0,0.0,0.0,0.0,0.0,0.0,0.0
Día 66,0.0,0.0,0.0,0.0,-0.2726,0.0,0.0,0.0,0.0,0.0,0.0,0.0,0.0,0.0,0.0,0.0,0.0,0.0,0.0,0.0,0.0,1.1595,0.3509,0.0,0.0,0.0,0.0,0.0,0.0,0.0,0.0,0.0,0.0,0.0,0.0,0.0,0.0,0.0,0.0,0.0
Día 67,0.0,0.0,0.0,0.0,0.2823,0.0,0.0,0.0,0.0,0.0,-0.5441,0.0,0.0,0.0,0.0,0.0,0.0,0.0,0.0,0.0,0.0,0.0,0.0,0.0,-1.6505,0.0,0.0,0.0,0.0,0.0,0.0,0.0,0.0,0.0,0.0,0.0,0.0,0.0,0.0,0.0
Día 68,0.0,0.0,0.0,0.0,0.0,0.0,0.0,0.0,0.3376,0.0,0.0,0.0,0.0,0.0,0.0,-0.0638,0.0,0.0,0.0,0.0,0.0,0.0,0.0,0.0,0.0,0.0,0.0,0.0,0.0,0.0455,0.0,0.0,0.0,0.0,0.0,0.9631,0.0,0.0,0.0,0.6815
Día 69,0.0,0.0,0.0433,0.0,0.0,0.0,0.0,-1.1821,0.0,0.0,0.0,0.0,0.0,-0.0255,0.0,0.0,0.0,0.0,0.0,0.0,0.0,0.0,0.0,0.0,0.0,0.0,0.0,0.0,0.0,0.0,0.0,0.0,0.0,0.0,0.0,0.0,0.0,0.0,0.0,0.0
Día 70,0.0,0.0,0.0,0.0,0.0,0.0,0.0,0.0,0.0,-0.2038,0.0,0.3403,0.0,0.0,0.0,0.0,0.0,0.0,0.0,0.0,0.0,0.0,0.0,0.0,0.0,0.0,0.0,0.0,0.0,0.0,0.0,0.0,0.0,0.0,0.0,0.0,0.0,0.0,0.0,0.0
Día 71,0.0,0.0,0.0,0.0,0.0,0.0,0.0,0.0,0.0,-1.1134,-1.5426,0.0,0.0,0.0,0.0,0.0,0.0,0.0,0.0,0.0,0.0,0.0,0.0,0.0,0.0,0.0,0.0,0.0,0.0,0.0,0.0,0.0,0.0,0.0,0.0,0.0,0.0,0.0,0.0,0.0
Día 72,0.0,-0.8331,0.0,0.0,0.0,0.0,0.0,0.0,0.0,0.0,-1.1974,0.0,0.0,0.0,1.1966,0.0,0.0,0.0,0.0,0.0,0.0,0.194,0.133,0.0,0.0,0.0,0.0,0.0,0.0,0.0,0.0,0.0,0.0,0.0,0.0,0.0,0.0,0.0,0.0,0.0
Día 73,0.0,0.0,0.0,0.0,0.0,0.0,0.0,0.0,0.0,0.0,0.0,0.0,0.0,0.0,1.9817,0.0,0.0,0.0,0.0,0.0,0.0,0.2816,0.0,0.0,0.0,0.0,0.0,0.0,0.0,0.0,0.0,0.0,0.0,0.0,0.0,0.0,0.0,0.0,0.0,0.0
Día 74,0.0,0.0,0.0,0.0,0.0,0.0,0.0,0.0,0.0,0.0,0.0,0.0,0.0,0.0,0.0,0.0,0.0,0.0,0.0,0.0,0.0,0.0,0.0,0.0,0.0,-0.485,0.0,0.0,-1.386,0.0,0.0,0.0,0.0,0.0,0.0,0.0,0.0,0.0,-0.0141,0.0
Día 75,0.0,0.0,0.0,0.0,0.0,0.0,-0.4006,0.0,0.0,0.0,0.0,0.0,0.0,-1.6092,0.0,0.0,0.0,0.0,0.0,0.0,0.0,0.0,0.0,0.0,0.0,0.0,0.0,0.0,-0.6974,0.0,0.0,0.2412,0.0,0.0,0.0,0.0,0.0,0.0,0.0,0.0
Día 76,1.6979,0.0,0.1251,0.0,0.0,0.0,0.0,0.0,0.0,1.0862,0.0,0.0,0.0,-0.6605,0.0,0.0,0.0,0.0,0.0,0.0,0.0,0.0,0.0,0.0,0.0,0.0,0.0,0.0,0.0,0.0,0.0,0.0,0.0,0.0,0.0,0.0,0.0,0.0,0.0,0.0
Día 77,2.7995,0.0,0.0,1.2171,0.0,0.0,0.0,0.0,0.0,0.0,0.0,0.0,0.0,0.0,0.0,0.0,0.0,0.0,0.0,0.0,0.0,0.0,0.0,0.0,0.0,0.0,0.0,0.0,0.0,0.0,0.0,0.0,0.0,0.0,0.0,0.0,0.0,0.0,0.0,0.0
Día 78,0.0,0.0,0.0,0.0,0.0,0.0,0.0,0.0,0.0,0.0,0.0,0.0,0.0,-1.024,0.0,0.0,0.0,0.0,0.0,0.0,0.0,0.0,0.0,0.0,0.0,0.0,0.0,1.9112,0.0,0.0,0.0,0.0,0.0,0.0,0.0,0.4222,0.0,0.0,0.0,0.0
Día 79,0.0,-0.6773,0.0,0.0,0.0,0.0,-1.5134,0.0,0.0,0.0,0.0,0.0,0.0,0.0,0.0,0.0,0.0,0.0,0.0,0.0,0.0,0.0,0.0,0.0,0.0,0.0,0.0,0.0,0.0,0.0,0.0,0.0,0.0,0.0,0.0,0.0,2.0106,0.0,0.0,0.0
Día 80,0.0,0.0,0.0,-2.422,0.0,0.0,-0.1489,0.0,0.0,0.0,0.0,0.0,0.0,0.0,0.0,0.0,0.0,0.0,0.0,0.0,0.0,0.0,2.1327,0.0,0.0,0.0,0.0,0.0,0.0,0.0,0.0,0.0,0.0,0.0,0.0,0.0,1.009,0.0,0.0,0.0
Día 81,0.0,0.0,0.0,0.0,0.0,0.0,0.0,0.0,-5.8418,0.0,0.0,0.0,0.0,0.0,0.0,0.3974,0.0,0.0,0.0,0.0,0.0,0.0,0.0,0.0,0.0,0.0,0.0,0.0,0.0,0.0,0.0,0.0,0.0,0.0,0.0,-0.9423,0.0,0.0,0.0,0.0
Día 82,0.0,0.0,0.0,0.0,0.0,0.0,0.0,0.0,0.0,0.0,0.0,0.0,0.0,0.0,0.0,0.0,0.0,0.0,0.0,0.0,0.0,0.0,0.0,-1.1624,0.0,-1.5511,-0.0886,0.0,0.0,0.0,0.0,0.0,0.0,0.0,0.0,0.0,0.0,0.0,0.0,0.0
Día 83,0.0,0.0,0.0,0.0,0.0,0.0,0.0,0.0,0.0,0.0,0.0,0.0,0.0,0.0,0.0,0.0,0.0,0.0,0.0,0.0,0.0,0.0224,0.1785,0.0,0.0,0.0,0.0,0.0,0.0,0.0,0.0,0.0,0.0,0.0,0.0,0.0,0.0,-1.4271,0.0,0.0
Día 84,0.0,0.0,0.0,1.1269,0.0,0.0,0.0,0.0,0.0,0.0,0.0,0.0,0.0,0.0,0.0,0.0,0.0,0.0,0.0,0.0,0.0,0.0,0.0,0.0,0.0,0.0,-1.23,0.0,0.0,0.0,0.5055,0.0,-0.3906,0.0,0.0,0.0,0.0,0.0,0.0,0.0
Día 85,0.0,0.0,0.0,0.0,0.0,0.0,0.0,0.0,0.0,0.0,0.0,0.0,0.5682,0.0,0.0,0.0,0.0,0.0,0.0,0.5103,0.0,0.0,0.0,0.0,0.0,0.0,0.0,0.0,0.0,0.0,0.0,1.1655,0.0,0.0,0.0,0.0,0.0,-0.3108,0.0,0.4262
Día 86,0.0,-0.324,0.0,0.0,0.0,0.0,0.0,-0.6246,0.0,0.0,0.0,0.0,0.0,0.0,0.0,0.0,0.0,0.0,0.0,0.0,0.0,0.0,0.0,0.0,0.0,0.0,0.0,0.0,-0.5621,0.0,0.0,0.0,0.0,0.0,0.0,0.0,0.0,0.0,0.0,0.0
Día 87,0.0,0.0,0.1065,0.0,0.0,0.0,0.0,0.0,0.0,0.0,0.0,0.0,0.0,0.0,0.0,0.0,0.0,0.0,0.0,0.0,0.0,0.0,0.0002,0.0,0.0,0.0,-0.4915,0.0,0.0,0.0,0.0,0.0,0.0,0.0,0.0,-1.5426,0.0,0.0,0.0,0.0
Día 88,0.0,0.0,0.0,0.0,0.0,0.0,0.0,0.0,0.0,0.0,0.0,0.0,0.0,0.0,0.0,0.0,0.0,-0.1799,0.0,0.0,0.0,0.0,0.0,0.0,0.0,0.0,0.0,0.0,0.0,0.0,0.0,0.0,0.0,0.0,0.0,-3.5999,0.0,0.0,0.0,0.0
Día 89,0.0,0.0,0.0,0.0,-0.7246,0.0,0.0,0.0,0.0,0.0,0.0,0.0,0.0,0.0,0.531,0.3183,0.0,0.0,0.0,-0.8521,0.0,0.0,0.0,0.0,0.0,0.0,-2.2357,0.0,0.0,0.0,0.0,0.0,0.0,0.0,0.0,0.0,0.0,0.0,0.0,0.0
Día 90,0.0,0.0,1.5771,0.0,0.0,0.0,0.0,0.0,0.0,0.0,0.0,0.0,0.0,0.0,0.0,0.0,0.0,0.0,0.0,0.0,0.0,0.0,0.0,-0.0319,0.0,0.0,0.0,0.0,0.0,0.0,0.0,0.0,0.0,0.0,0.0,0.0,0.0,0.0,-0.9149,0.0
Día 91,0.0,0.0,0.0,0.0,0.0,0.0,0.0,0.0,0.0,0.0595,0.0,0.0,0.0,0.0,0.0,0.0,0.0,0.0,0.0,0.0,0.0,0.0,0.0,0.0,0.0,0.0,0.0,0.0,-0.3513,0.0,0.0,0.9875,0.0,0.0,0.0,0.0,0.3824,0.0,0.0,0.0
Día 92,0.0,0.0,0.0,0.0,0.0,0.0,0.0,0.0,0.0,0.0,0.0,0.0,0.0,0.0,0.0,0.0,0.0,0.0,0.0,0.0,0.0,0.0,0.0,0.0,0.0,0.0,0.0,0.0,0.0,0.0,0.0,0.0,0.0,0.0,0.1916,0.0,3.4703,0.0,0.0,0.0
Día 93,0.0,0.0,0.0,0.0,0.0,0.0,0.0,0.0,0.0,0.0,0.0,0.0,0.0,0.0,0.0,0.0,0.0,0.0,0.0,1.6085,0.0,0.0,0.0,0.0,0.0,0.0,0.0,0.0,0.0,0.0,0.0,0.0,0.0,0.0,0.0,0.0,0.0,0.0,0.0,0.0
Día 94,0.0,0.0,0.0,0.0,0.0,0.0,0.0,0.0,0.0,0.0,0.0,0.0,0.0,0.0,0.0,0.1246,0.0,0.0,0.0,0.0,0.0,0.0,0.0,0.0,0.0,0.0,0.0,0.0,0.0,0.0,0.0,0.0,0.0,0.0,0.0,0.0,1.9666,0.0,0.0,0.0
Día 95,0.0,0.0,3.6421,0.0,0.0,0.0,0.0,0.0,0.0,0.0,0.0,0.0,0.0,0.0,0.0,0.0,0.147,0.0,0.0,0.0,0.0,0.0,0.6551,0.0,0.0,0.0,0.0,0.0,0.0,0.0,0.0,0.0,0.0,0.0,0.0,0.0,0.4695,0.0,0.0,-0.2184
Día 96,0.0,0.0,3.7186,0.0,0.0,0.0,0.0,0.0,0.0,0.0,0.0,0.0,0.0,0.0,0.0,0.0,0.0,0.0,0.0,0.0,0.0,0.0,0.0,0.0,0.0,0.0,0.0,0.0,0.0,0.0,0.0,0.0,0.0,0.0,0.0,0.0,1.4225,0.0,0.0,0.0
Día 97,0.0,0.0,0.0,0.0,0.0,0.0,0.0,0.0,0.0,0.0,0.0,0.0,0.0,-1.564,0.0,0.0,0.0,0.0,0.0,0.0,0.0,0.0,0.0,0.0,0.0,0.0,0.0,0.0,0.0,0.0,0.0,0.0,0.0,0.0,0.0,0.6837,0.0,0.0,0.0,0.0
Día 98,0.0,0.0,0.0,0.0,0.0,0.0,0.0,0.0,0.0,0.0,0.0,0.0,0.0,0.0,0.0,0.0,0.0,0.0,-0.1022,0.0,0.0,0.0,0.0,0.0,0.0,0.0,0.0,0.0,-0.0953,0.0,0.0,0.0,0.0,0.0,0.0,0.0,3.2561,0.0,0.0,0.0
Día 99,0.0,0.0,0.0,0.0,-0.1587,0.0,0.0,0.0,0.0,0.0,0.0,0.0,0.0,0.0,0.5375,0.0,0.0,0.0,0.0,0.0,0.0,0.0,1.0726,0.0,0.0,0.0,0.0,0.0,0.0,0.0,0.0,0.0,0.0,0.0,0.0,0.0,0.7598,0.0,0.0,0.0
Día 100,0.0,0.0,0.0,0.0,0.0,0.0,0.0,-0.1932,0.0,0.0,0.0,0.0,0.8481,0.0,0.0,0.0,0.0,0.0,0.0,1.498,0.0,0.0,0.0,0.0,0.0,0.0,0.0,0.0,0.0,0.0,0.0,0.0,0.0,0.0,0.0,0.0,0.0,0.0,0.0,0.0
Día 101,0.0,0.0,0.0,0.0,0.0,0.0,0.0,0.0,0.0,1.396,0.0,0.0,0.0,0.0,0.0,0.0,0.0,0.0,0.0,0.0,0.0,0.0,0.0,0.0,0.0,0.0,0.0,0.0,0.0,0.0,0.0,0.0,0.0,0.0,0.0,0.0,2.3849,0.0,0.0,0.0
Día 102,0.0,0.0,0.0,0.0,0.0,0.0,-1.0857,0.0,0.0,0.0,0.0,0.0,0.0,0.0,0.0,0.0,0.0,0.0,0.0,0.0,0.0,0.0,0.0,0.0,0.0,0.0,0.0,0.0,0.0,0.0,-0.6641,0.0,0.0,0.0,0.0,0.0,0.9075,0.0,0.0,0.0
Día 103,0.0,0.0,0.0,0.0,0.0,0.0,0.0,0.0,0.0,0.0,0.0,0.0,0.0,0.0,0.0,0.0,1.3994,0.0,0.0,0.0,0.0,0.0,0.0,0.0,0.0,0.0,0.0,0.0,0.0,0.0,-0.1809,0.0,0.0,0.0,0.0,0.0,0.0,0.0,0.0,0.0
Día 104,0.0,0.0,0.0,0.0,0.0,0.0,0.0,0.0,0.0,0.0,0.0,0.0,0.0,0.0,0.0,0.0,0.7981,0.0,0.0,0.0,0.0,0.0,0.8761,0.0,0.9561,0.0,0.0,0.0,0.0,0.0,0.0,0.0,0.0,0.148,0.0,0.0,0.0,0.0,0.0,-0.0432
Día 105,0.0,0.2698,0.0,0.0,0.0,0.0,0.0,0.0,-0.0132,0.0,0.0,0.0,0.0,0.0,0.0,0.0,0.0,0.0,0.0,0.0,0.0,0.0,0.0,0.0,0.0,0.0,0.0,0.0,0.3003,-0.2409,0.0,-1.6976,0.0,0.0,0.0,0.0,0.0,0.0,0.0,0.0
Día 106,0.0,4.6844,0.0,0.0,0.0,0.0,0.0,0.0,0.0,0.0,0.0,0.0,0.0,0.0,0.0,0.0,0.0,0.0,0.0,0.0,0.0,0.0,0.0,0.0,0.0,0.0,0.0,0.0,0.0,0.0,0.0,0.0,0.0,0.0,0.0,0.0,0.0,0.0,0.0,0.0
Día 107,0.0,3.3884,0.0,0.0,0.0,0.0,0.0,0.0,0.0,0.0,0.0,0.0,0.0,0.0,0.0,0.0,0.0,0.0,0.0,0.0,0.0,0.0,0.0,0.0,0.0,0.0,0.0,0.0,0.0,0.0,0.0,0.0,0.0,0.0,0.0,0.0,0.0,0.0,0.0,0.0
Día 108,0.0,0.0,0.0,0.0,0.0,0.0,0.0,0.0,0.0,0.0,0.0,0.0,0.0,0.0,-0.6291,0.0,-0.6848,0.0,0.0,0.0,0.0,0.0,0.0,0.0,0.0,0.0,0.0,0.0,0.0,0.0,0.0,0.0,0.0,0.0,0.0,0.0,-1.4917,0.0,0.0,0.0
Día 109,0.0,0.711,0.0,0.0,0.0,0.0,0.0,2.0967,0.0,0.0,0.0,0.0,0.0,0.0,0.0,0.0,0.0,0.0,0.0,0.0,0.0,0.0,0.0,0.0,0.0,0.0,0.0,0.0,0.0,0.0,0.0,0.0,0.0,0.0,0.0,0.0,-0.317,0.0,0.0,0.0
Día 110,0.0,0.0,0.0,0.0,0.0,0.0,0.0,0.0,0.0,0.0,0.0,0.0,0.0,0.0,0.0,0.0,0.0,0.2136,0.0,0.0,0.0,0.0,0.0,0.0,0.0,0.0,0.0,0.0,0.0,0.0,0.0,0.0,0.0,0.0,0.0792,0.0,0.0,0.0,0.0,0.0
Día 111,0.0,0.0,0.0,0.0,0.0,0.0,0.0,0.0,0.0,0.0,0.0,0.0,0.0,0.0,0.0,0.0,0.0,0.0,0.0,0.0,0.0,0.0,0.0,0.0,0.0,0.0,0.6964,0.0,0.0,0.0,0.0,0.0,0.0,0.0,0.0,0.0464,0.0,0.0,0.0,0.1578
Día 112,0.0,0.0,0.0,0.0,0.0,0.0,0.0,0.0,0.0,0.0,0.0,0.0,0.0,0.0,0.0,0.0,2.4326,0.0,0.0,0.0,0.0,0.0,0.0,0.0,0.0,0.0,0.0,0.0,0.0,0.0,0.0,0.0,0.0,0.0,0.0,0.0,0.0,0.0,0.0,0.0
Día 113,0.0,0.0,0.0,0.0,0.0,0.0,0.0,0.0,0.0,0.0,0.0,0.0,0.0,0.0,0.0,0.0,0.0,0.0,0.0,0.0,0.0,0.0,2.5648,0.0,0.0,0.0,0.0,-0.1581,0.0,0.0,-0.2975,0.0,0.0,0.7204,0.4236,0.0,0.0,0.0,0.0,0.0
Día 114,0.0,0.0,0.0,0.0,-0.0041,0.0,0.0,0.0,0.0,0.0,0.0,0.0,0.0,0.0,0.0,0.0,0.0,0.0,0.0,0.0,0.0,0.2241,1.2274,0.0,0.0,0.0,0.0,0.0,0.0,0.0,0.0,0.0,0.0,0.0,0.934,0.0,0.0,0.0,0.0,0.0
Día 115,0.0,0.0,0.0,0.0,0.0,0.0,0.0,0.0,0.0,0.0,0.0,0.0,0.0,0.0,0.0,0.0,0.0,0.0,0.0,0.0,0.0,0.0,0.0,0.0,0.0,0.0,0.0,0.0,0.0,-0.0882,0.0,-0.5809,0.0,0.0,0.0,-2.3939,0.0,0.0,0.0,0.0
Día 116,0.0,0.0,0.0,0.0,0.0,0.0,0.0,0.0,-0.5066,0.0,0.0,0.0,0.0,0.0,0.0,0.0,0.0,-1.3157,0.0,-4.8976,0.0,0.0,0.0,0.0,0.0,0.0,0.0,0.0,0.0,0.0,0.0,0.0,0.0,0.0,0.0,0.0,0.0,0.0,0.0,0.0
Día 117,0.0,0.0,0.0,0.0,0.0,0.0,0.0,1.551,0.0,0.0,0.0,0.0,0.0,0.0,0.0,0.0,0.0,0.0,0.0,0.0,0.0,0.0,0.0,0.0,0.0,0.0,-0.3052,0.0,0.0,0.0,0.6872,0.0,0.0,0.0,0.0,0.0,0.0,0.0,0.0,0.0
Día 118,0.0,0.0,0.0,0.0,0.0,0.0,0.0,0.0,0.0,0.0,0.0,0.0,0.0,0.0,0.0,0.0,0.0,0.0,0.0,0.0,0.0,0.0,0.0,0.0,0.0,0.0,0.0,0.0,0.0,-2.7641,0.0,0.0,0.0,0.0,0.0,0.0,0.0,0.0,0.0,0.0
Día 119,0.0,0.0,0.0,0.0,0.0,0.0,0.0,0.0,-1.0722,0.0,0.0,0.0,0.0,0.0,0.0,0.0,0.0,-0.7896,0.0,0.0,0.0,0.0,0.0,0.0,0.0,0.0,0.0,0.0,0.0,-1.3644,0.0,-1.8424,0.0,0.0,0.0,0.0,0.0,0.0,0.0,0.0
Día 120,0.0,0.0,0.0,0.0,0.0,0.0,0.0,0.0,0.0,0.0,0.0,0.0,0.0,0.0,0.0,0.0,0.0,0.0,0.0,0.0,0.0,0.0,0.0,0.0,0.0,0.0,0.0,0.0,0.0,-1.8749,0.0,0.0,0.0,0.0,0.0,0.0,0.0,0.0,0.0,0.0
Día 121,0.0,0.0,0.0,0.0,0.0,0.0,0.0,0.0,0.1821,0.0,0.0,0.0,0.0,0.0,0.0,-0.7209,0.0,0.0,0.0,0.0,0.0,0.0,0.0,0.0,0.0,0.0,0.0,0.0,0.0,0.0,0.0,0.0,0.0,0.0,0.0,0.7974,0.0,0.0,0.0,0.3479
Día 122,0.0,0.0,0.0,0.0,0.0,0.0,0.0,0.0,0.2464,0.0,0.0,0.0,0.0,0.0,0.0,0.0,0.0,0.0,0.0,0.0,0.0,0.0,0.0,0.0,0.0,0.0,0.0,0.0,0.0,0.4093,0.0,0.0,0.0,0.0,0.0,0.0,0.0,0.0,0.0,0.0
Día 123,0.0,0.0,0.0,0.0,0.0,0.0,0.0,0.0,0.0,0.0,0.0,0.0,0.0,0.0,0.0,0.0,0.0,0.0646,0.0,0.0,0.0,0.0,0.0,0.0,0.0,0.0,0.0,0.0,0.0,1.2414,0.0,0.0,0.0,0.0,0.0,0.0452,0.0,0.0,0.0,0.0
Día 124,0.0,0.0,0.0,0.0,0.0,0.0,0.0,0.0,0.2577,0.0,0.0,0.0,0.0,0.0,0.0,0.0,0.0,0.0,0.0,0.0,0.0,0.0,0.0,0.0,0.0,0.0,0.7349,0.0,0.0,0.2108,0.0,0.0,0.0,0.0,0.0,0.0,0.0,0.0,0.0,0.0
Día 125,0.0,0.0,0.0,0.0,0.0,0.0,0.0,0.0,0.0,0.0,0.0,0.0,0.0,0.0,0.0,0.0,0.0,0.0,0.0,0.0,0.0,0.0,0.0,0.0,0.0,0.0,0.0,0.0,0.0,0.0,-1.055,0.0,0.0,0.7452,0.0,0.0,0.0,0.0,0.0,0.0
Día 126,0.0,0.0,0.0,0.0,0.0,0.0,0.0,0.0,-0.7949,0.0,0.0,0.0,0.0,0.0,0.0,0.0,0.0,0.0,0.0,0.0,0.0,0.0,0.0,0.0,0.0,0.0,0.0,0.0,0.0,0.0,0.0,0.0,1.4574,0.0,0.0,0.0,0.0,0.0,0.0,-0.104
Día 127,0.0,0.0,0.0,0.0,0.0,0.0,0.0,0.0,0.0,0.0,-0.4568,0.0,0.0,0.0,0.0,0.0287,0.0,0.0,0.0,0.0,0.0,0.0,0.0,0.0,0.0,0.0,0.0,-0.0067,0.0,0.0,0.0,-1.4863,0.0,0.0,0.0,-1.1542,0.0,0.0,0.0,-0.2069
Día 128,0.0,0.0,0.0,0.0,0.0,0.0,0.0,0.0,0.0,-2.6067,0.0,0.0,0.0,0.0,0.0,0.0,0.0,0.0,0.0,0.0,0.0,0.9717,0.0,0.0,0.0,0.0,0.0,0.0,0.0,0.0,0.0,0.0,0.0,0.0,0.0,-0.4515,0.0,0.0,0.0,0.0
Día 129,0.0,0.0,0.0,0.0,0.0,0.0,0.0,0.0,0.0,0.0,0.0,0.0035,-1.2155,0.0,0.0,0.0,0.0,0.0,0.0,0.0,0.0,0.0,0.0,0.0,0.0,0.0,0.0,-0.2289,0.0,0.0,0.0,0.0,0.0,0.0,0.0,0.0,0.0,0.0,0.0,0.0
Día 130,0.0,0.0,0.0,0.0,0.0,0.0,0.0,0.0,0.0,0.0,0.0,0.0,0.0,0.0,0.0,0.0,0.0,0.0,0.0,0.0,0.0,0.0,0.0,0.0,0.0,0.0,0.0,0.0,0.0,0.0,0.0,0.0,0.0,0.0,0.0,0.0,0.0,0.2067,0.0,0.0
Día 131,0.0,0.0,0.0,0.0,0.0,0.0,0.0,0.0,0.0,0.3667,0.0,0.0,0.0,0.0,0.0,0.0,0.0,1.1906,0.0,0.0,0.0,0.0,0.0,0.0,0.0,0.0,0.0,0.0,0.0,0.0,0.0,0.0,0.0,0.0,0.0,0.0136,0.0,0.0,0.0,0.0
Día 132,0.0,0.0,0.8965,1.1835,0.0,0.0,0.0,0.0,0.0,0.0,0.0,0.0,0.0,0.0,0.0174,0.1302,0.0,0.4597,0.0,0.0,0.0,0.0,0.0,0.0,0.0,0.0,0.0,0.0,0.0,0.0,0.0,0.0,0.0,0.0,0.0,0.0,0.0,0.0,0.0,0.0
Día 133,0.0,0.0,0.0,0.0,0.0,0.0,0.0,0.0,0.0,0.7085,0.0,0.0,0.0,0.0,0.0,0.0,0.0,0.0,0.0,0.0,0.0,0.0,0.0,0.0,0.0,0.0,0.0,0.0,0.0,0.0,0.0,0.0,0.0,0.0,0.0,1.7778,0.0,0.0,0.0,0.0
Día 134,0.0,0.0,0.0,0.0,0.0,0.0,0.0,0.0,0.0,0.0,0.1937,0.0,0.0,0.0,0.0,0.0,0.0,0.0,0.0,0.0504,0.0,0.0,0.0,0.0,0.0,0.0,0.0,0.4809,0.0,0.0,0.0,0.0,0.0,0.0,0.0,0.0,0.0,0.0,0.0,0.0
Día 135,0.0,0.0,0.0,0.0,0.0,0.0,0.0,0.0,0.0,0.0,0.0,0.0,0.0,0.0,-0.825,0.0,0.0,0.0,0.0,0.0,0.0,0.0,0.0,0.0,0.0,0.0,0.0,0.0,0.0,-1.3257,0.0,0.0,0.0,0.0,0.0,0.0,-0.6053,0.0,0.0,0.0
Día 136,0.0,0.0,0.0,0.0,0.0,0.0,0.0,0.0,0.0,0.0,0.0,0.0,0.0,0.0,0.0,0.0,0.0,0.0,0.3616,0.0,0.0,0.0,0.0,0.0,0.0,0.0,0.0,0.0,0.0,0.0,0.0,0.0,0.0,0.0,0.0,1.9023,0.0,0.0,0.0,0.0
Día 137,0.0,0.0,0.0,0.0,0.0,0.0,0.0,0.0,0.0302,0.0,0.0,0.0,0.0,0.0,0.0,0.0,0.0,0.0,0.0,0.481,0.0,0.0,0.0,0.0,0.0,0.0,0.4499,0.0,0.0,0.0,0.0,0.0,0.0,0.0,0.0,0.4005,0.0,0.0,0.0,0.0
Día 138,0.0,0.0,0.0,0.0,0.0,0.0,0.0,0.0,0.0,0.0,0.0,0.0,0.0,0.0,0.0,0.0,0.0,0.0,0.0,0.0,0.0,0.0,0.0,0.0,0.8123,0.0,0.0,0.0,0.0,0.0,0.0,0.0,0.0,0.0,0.0,0.0,0.0,0.0,0.0,0.0
Día 139,0.0,0.0,0.0,0.0,0.0,0.0,0.0,0.0,0.0,0.0,0.0,0.0,0.0,0.0,0.0,0.0,0.0,0.0,0.0,0.0,-1.8321,0.0,0.0,0.0,0.0,0.0,0.0,0.0,0.0,0.0,0.0,0.0,0.0,0.0,0.0,0.0,0.0,0.0,0.0,0.0
Día 140,0.0,0.0,0.0,0.0,0.0,0.0,0.0,0.0,0.0,0.0,0.0,0.0,0.0,0.0,0.0,0.0,0.0,0.0,0.0,0.0,-0.1069,0.0,0.0,0.0,1.751,0.0,0.0,0.0,0.0,0.0,0.0,0.0,0.0,0.0,0.0,0.0,0.0,0.0,0.0,0.0
Día 141,0.0,0.0,0.0,0.0,0.0,0.0,0.0,0.0,0.0,0.0,0.0,0.0,0.0,0.0,0.0,0.0,0.074,0.0,0.0,-0.2519,0.0,0.0,0.0,0.0,2.3141,0.0,0.0,-0.5564,0.0,0.0,0.0,0.0,0.0,0.0,0.0,-0.7607,0.0,0.0,0.0,0.0
Día 142,0.0,0.0,0.0,0.0,0.0,0.0,0.0,0.0,0.0,-0.7847,0.0,0.0,0.0,0.0,0.0,0.0,0.0,0.0,0.0,0.0,0.0,0.0,0.0,0.0,0.0,0.0,0.0,-1.5395,0.0,0.0,0.0,0.0,0.0,0.0,0.0,0.0,0.0,0.0,0.0,0.0
Día 143,0.0,0.0,0.0,0.0,0.0,0.0,0.0,0.0,0.0,-0.8955,-0.1085,0.0,0.0,0.0,0.0,0.0,0.0,0.0,0.0,0.0,0.0,0.0,0.0,0.0,0.0,0.0,0.0,0.0,0.0,0.0,0.0,0.0,2.267,0.0,0.0,0.0,0.0,0.0,0.0,0.0
Día 144,0.0,0.0,0.0,0.0,0.0,0.0,0.0,0.0,0.0,0.0,0.0,0.0,0.0,0.0,0.0,1.9248,0.0,0.0,0.0,0.0,0.0,0.0,0.0,0.0,0.0,0.0,0.0,-1.1831,0.0,0.0,0.0,0.0,0.0,0.0,0.0,0.0,0.0,0.5537,0.0,0.0
Día 145,-0.5015,0.0,0.0,0.0,0.0,0.0,0.0,0.0,0.0,0.0,0.0,0.0,0.0,0.0,0.0,0.0,0.0,0.0,0.0,0.0,0.0,0.0,0.0,0.7892,0.0,0.0,0.0,0.0,0.0,0.0,-0.5069,0.0,0.0,0.0,0.0,0.0,0.0,0.0,0.0,0.0
Día 146,-0.6333,0.0,0.0,0.0,0.0,0.0,0.0,0.0,0.0,0.0,0.0,0.0,0.0,1.0406,0.0,0.0,0.0,0.0,0.0,0.0,0.0,0.0,0.0,0.0,0.0,0.0,0.0,0.0,0.0,0.0,0.0,-0.2047,0.0,0.0,0.0,-1.4195,0.0,0.0,0.0,0.0
Día 147,0.0,0.0,0.0,0.0,0.0,0.0,0.0,0.0408,0.0,0.0,0.0,0.0,-1.0076,0.0,0.0,0.0,0.0,0.0,0.0,0.0,0.0,0.0,0.0,0.0,0.0,0.0,0.0,-0.4128,0.0,0.0,0.0,0.0,0.0,0.0,0.0,0.0,0.0,0.0,0.0,0.0
Día 148,0.0,0.0,0.0,0.0,0.0,0.0,0.0,0.0,0.0,0.0,0.0,0.0,0.0,0.0,0.0,0.0,0.0,0.0,0.1716,0.0,0.0,0.0,0.0,0.2666,0.0,0.0,0.14,0.0,0.0,0.0,0.0,0.0,0.0,0.0,0.0,0.0,0.0,0.0,1.0653,0.0
Día 149,0.0,0.0,0.0,0.0,0.0,0.0,0.0,0.0,0.0,0.0,0.0,0.0,0.0,0.0,0.0,0.0,0.0,0.0,0.0,0.0,0.0,0.0,0.0,0.0,0.0,0.0,0.0,0.0,0.0,0.0,-0.1219,0.0,0.0,1.1417,0.4935,0.0,0.0,0.0,0.0,-0.0092
Día 150,0.0,0.0,0.0,0.0,0.0,0.0,-0.5949,0.0,0.0,0.0,0.0,0.0,0.0,0.0,0.0,0.0,0.0,0.9283,0.1497,0.0,0.0,0.0,0.0,0.0,0.0,0.0,0.0,0.0,0.0,0.0,0.0,0.0,0.0,0.5331,0.0575,0.0,0.0,0.0,0.0,0.0
Día 151,0.0,0.0,0.0,0.0,0.0,0.0,0.0,0.0,0.0,0.0,0.0,0.0,0.0,0.0,0.0,0.0,0.0,0.0431,0.0,0.0,0.0,0.0,0.0,1.0741,0.0,0.0,0.0,0.0,0.0,0.0,0.0,0.0,0.0,0.0628,0.0,0.0,0.0,0.0,0.0,0.0
Día 152,0.0,0.0,0.0,0.0,0.0,0.0,0.0,0.0,0.0,0.0,0.0,0.0,0.0,0.0,0.0,0.0,0.0,0.334,0.0,0.0,0.0,0.0,0.0,0.0,0.0,0.0,0.0,0.0,0.0,0.0,0.0,0.0,0.0,2.1234,0.0,0.0,0.1673,0.0,0.0,0.0
Día 153,0.0,0.0,0.8531,0.0,0.0,0.0,0.0,0.0,0.0,0.0,0.0,0.0,0.0,0.0,0.0,0.0999,0.0,1.1257,0.0,0.0,0.0,0.0,0.0,0.0,0.0,0.0,0.0,0.0,0.0,0.0,0.0,0.0,0.0,0.0,0.7304,0.0,0.0,0.0,0.0,0.0
Día 154,0.0,0.0,0.0,0.0,0.0,0.0,0.0,0.0,0.0,0.0,0.0,0.0,0.0,0.0,0.0,0.0,0.0,0.0,0.555,0.0,0.0,0.0,0.0,0.0,0.0,0.0,0.0,0.0,0.0,1.1651,-0.2874,0.0,0.0,0.0,0.0,0.0,0.0,0.0,0.0,0.0
Día 155,0.0,0.0,0.0,0.0,0.0,0.0,0.0,0.0,0.0,0.0,0.0,0.0,0.0,0.0,0.0,0.0,0.0,0.1551,0.2935,0.0,0.0,0.0,0.0,0.0,0.0,0.0,0.0,0.0,0.0,0.5202,0.0,0.0,0.0,0.0,0.7277,0.0,0.0,0.0,0.0,0.0
Día 156,0.0,0.0,0.0,0.0,0.0,0.0,0.0,0.0,0.0176,0.0,0.0,0.0,0.0,0.0,0.0,0.0,0.0,0.0,0.0,0.0,0.0,0.0,0.0,0.3081,0.0,0.0,1.0635,0.0,0.0,0.0,-0.0667,0.0,0.0,0.0,0.0,0.0,0.0,0.0,0.0,0.0
Día 157,0.0,0.0,0.0,0.0,0.0,0.0,0.0,0.0,0.0,0.0,0.0,0.0,0.0,0.0,0.0,2.1499,0.3588,0.0,0.0,0.0,0.0,0.0,0.0,0.0,0.0,0.0,0.0,0.0,0.0,0.0,-0.7897,0.0,0.0,1.672,0.0,0.0,0.1332,0.0,0.0,0.0
Día 158,0.0,0.0,0.0,0.0,0.0,0.0,0.0,0.0,0.0,0.0,0.0,0.0,0.0,0.0,0.0,0.0,0.0,0.0,0.0,0.0,0.0,0.0,0.0,0.0,0.0,0.0,0.0,-2.2157,0.0,0.0,-0.5926,0.0,0.5984,0.0,0.0,0.0,0.0,0.1173,0.0,-0.163
Día 159,0.0,0.0,0.0,0.0,0.0,0.0,0.0,0.0,0.0,0.0,0.0,0.0,0.0,0.0,0.0,0.0,0.0,0.0,0.0,0.0,0.0,0.0,0.0,1.4902,0.0,0.0,0.0,0.0,0.0,0.0,0.0,0.0,0.0,2.021,0.0,0.0,0.0,0.0,0.0,0.0
Día 160,0.0,0.0,0.0,0.0,0.0,0.0,0.0,0.0,0.0,0.0,0.0,0.0,0.0,0.0,0.0,0.0,0.0,0.0,0.0,0.0,0.0,0.0,0.0,2.0037,0.0,0.0,0.0,0.0,0.0,0.0,0.0,0.0,0.0,1.2802,0.0,0.0,0.0,0.0,0.0,0.0
Día 161,0.0,0.0,0.0,0.0,0.0,0.0,0.0,0.0,0.0,0.0,0.0,0.0,0.0,0.0,0.0,0.0,0.0,0.0,0.1361,0.0,0.0,0.0,0.0,1.6505,0.0,0.0,0.0,0.0,0.0,0.0,0.0,0.0,0.0,1.2491,0.0,0.0,0.0,0.0,0.0,0.0
Día 162,0.0,0.0,0.0,0.0,0.0,0.0,0.0,0.0,0.0,0.0,0.0,0.0,0.0,2.1964,0.0,0.0,0.0,0.0,0.0,0.0,0.0,0.0,0.0,0.0,0.0,0.0,0.0,0.0,0.0,0.0,0.0,0.0,0.0,0.0,0.0,0.0,0.0,0.0,1.0606,0.0
Día 163,0.0,0.0,0.0,0.0,0.0,0.0,0.0,0.0,0.0,0.0,0.0,0.0,0.0,0.0,0.0,0.9001,0.0,0.0,0.0,0.0,0.0,0.0,0.0,0.0,0.0,0.0,0.0,-2.1571,0.0,0.0,0.0,0.0,0.0,0.0,0.0,0.0,0.0,0.9239,0.0,0.0
Día 164,0.0,0.0,0.0,-1.3749,0.0,0.0,0.0,0.0,0.0,0.0,0.0,0.0,0.0,0.0,0.0,0.0,0.0,0.0,0.0,0.0,0.0,0.0,0.0,2.2424,0.0,0.0,0.0,0.0,0.0,0.0,-0.1446,0.0,0.0,0.0,0.0,0.0,0.0,0.0,0.0,0.0
Día 165,-0.1914,0.0,0.0,0.0,0.0,0.0,0.0,0.0,0.0,0.0,0.0,0.0,0.0,0.0,0.0,0.0,0.0,0.0,0.0,0.0,0.0,0.0,0.0,0.6305,0.0,0.0,0.0,0.0,0.0,0.0,0.0,0.0,0.0,2.8442,0.0,0.0,0.0,0.0,0.0,0.0
Día 166,0.0,0.0,0.0,0.0,0.0,0.0,0.0,0.0,0.0,0.0,0.0,0.0,0.0,0.0,0.0,15.2394,0.0,0.0,0.0,0.0,0.0,0.0,0.0,0.0,0.0,0.0,0.0,0.0,0.0,0.0,0.0,0.0,0.0,0.0,0.0,0.0,0.0,0.0,0.0,0.0
Día 167,0.0,0.0,0.0,0.0,0.0,0.0,0.0,0.0,0.0,0.0,0.0,0.0,0.0,0.0,0.0,0.0,0.0,0.0,0.0,0.0,0.0,-0.504,0.0,0.0,0.0,0.067,0.0,0.0,0.0,0.0,0.0,0.0,0.0,0.0,0.0,0.0,0.0,0.0,2.2405,0.0
Día 168,0.0,0.0,0.0,0.0,0.0,0.0,0.0,0.0,0.0,0.0,0.0,0.0,0.0,0.0,0.0,0.0,0.0,0.0,0.0,0.0,0.0,0.0,0.0,2.2089,0.0,0.0,0.0,0.0,0.0,0.0,0.0,0.0,0.0,0.3463,0.0,0.0,0.0,0.0,0.0,0.0
Día 169,0.0,0.0,0.0,0.0,0.0,0.0,0.0,0.0,0.0,0.0,0.0,0.0,-0.2187,0.0,0.0,0.0,0.0,0.0,0.0,0.0,0.0,0.0,0.0,0.0,0.0,0.0,0.0,0.0,0.0,0.0,0.0,0.0,0.0,0.9026,1.7023,0.0,0.0,0.0,0.0,0.0
Día 170,0.0,0.0,0.0,0.0,0.0,0.0,0.0,0.0,0.0,0.0,0.0,0.0,0.0,0.0,0.0,0.0,0.0,0.0,0.0,0.0,0.0,0.0,0.0,1.0023,0.0,0.0,1.228,0.0,0.0,0.0,0.0,0.0,0.0,0.0,0.0,0.0,0.0,0.0,0.0,0.0
Día 171,0.0,0.0,0.0,0.0,0.0,0.0,0.0,0.0,0.0,0.0,0.0,0.0,0.0,0.0,0.0,0.0,0.0,0.0,0.0,0.0,0.0,0.0,0.0,1.1354,0.0,0.0,0.0,0.0,0.0,0.0,0.0,0.0,0.0,1.7474,0.0,0.0,0.0,0.0,0.0,0.0
Día 172,0.0,0.0,0.0,0.0,0.0,0.0,0.0,0.0,0.0,0.0,0.0,0.0,-0.2626,0.4493,0.0,0.0,0.0,0.0,0.0,0.0,0.0,0.0,0.0,1.8333,0.0,0.0,0.0,0.0,0.0,0.0,0.0,0.0,0.0,0.0,0.0,0.0,0.0,0.0,0.0,0.0
Día 173,0.0,0.0,0.0,0.0,0.0,0.0,0.0,0.0,0.0,0.0,0.0,0.0,0.0,0.0,0.0,0.0,0.0,0.0,0.0,0.0,0.0,0.0,0.0,0.0,0.0,0.0,1.5219,0.0,0.0,0.0,-0.9795,0.0,0.0,0.0,0.0,0.0,0.0,0.0,0.0,0.0
Día 174,0.0,0.0,0.0,0.0,0.0,0.0,0.0,0.0,0.0,0.0,0.0,0.0,0.0,0.0,0.0,0.0,0.0,0.0,0.0,0.0,0.0,-0.6071,0.0,0.0,0.6002,0.0,1.1639,0.0,0.0,0.0,0.0,0.0,0.0,0.8861,0.0,0.0,0.0,0.0,0.0,0.0
Día 175,0.0,0.0,0.0,0.0,0.0,0.0,0.0,0.0,0.0,0.0,0.0,0.0,0.0,0.0,0.0,0.0,0.0,0.0,0.0,0.0,0.0,0.0,0.0,0.0006,0.2184,0.0,1.2251,0.0,0.0,0.0,0.0,0.0,0.0,0.0,0.0,0.0,0.0,1.0234,0.0,0.0
Día 176,0.0,0.0,0.0,0.0,0.0,0.0,0.0,0.0,0.0,0.0,0.0,0.0,0.0,0.0,0.0,0.0,0.0,0.0,0.2892,0.0,0.0,0.0,0.0,0.0,0.0,0.0,0.0,0.0,0.0,0.0,0.0,0.0,0.0,0.0,0.0,0.0,0.0,1.8364,0.0,0.0
Día 177,0.0,0.0,0.0,0.0,0.0,0.0,0.0,0.0,0.0,0.0,0.0,0.0,0.0,0.0,0.0,0.0,0.0,0.0,1.9671,0.0,0.0,0.0,0.0,0.0,0.0,0.0,0.0,0.0,0.0,0.0,0.0,0.0,0.0,0.0,0.0,0.0,0.0,0.1835,0.0,0.0
Día 178,0.0,0.0,0.0,0.0,0.0,0.0,0.0,0.0,0.0,0.0,0.0,0.0,0.0,0.0,-0.581,0.0,0.0,0.0,0.0,0.0,0.0,0.0,0.0,0.0,0.0,0.5094,0.0,0.0,0.0,0.0,0.0,0.0,0.0,0.0,0.0,0.0,0.0,0.0,0.8044,0.0
Día 179,0.0,0.8491,0.0,0.0,0.0,0.0,0.0,0.0,0.0,0.0,0.0,0.0,0.0,0.0,0.0,0.0,0.0,0.0,0.0,0.0,-0.1778,0.0,0.0,0.0,0.0,0.0,0.0,0.0,2.0295,-1.0648,0.0,-0.545,0.0,0.0,0.0,0.0,0.0,0.0,0.0,0.0
Día 180,0.0,0.0,0.0,0.0,0.0,0.0,0.0,0.0,0.0,0.0,0.0,0.0,0.0,0.0,0.0,0.0,0.0,-1.3768,0.0,0.0,-0.0881,0.0,0.0,0.0,0.0,0.0,0.0,0.0,3.9983,0.0,0.0,0.0,0.0,0.0,0.0,0.0,0.0,0.0,0.0,0.0
Día 181,0.0,0.0,0.0,0.0,0.0,0.0,0.0,0.1801,0.0,-0.7184,0.0,0.0,0.0,1.9314,0.0,0.0,0.0,0.0,0.0,0.0,0.0,0.0,0.0,0.0,0.0,0.0,0.0,0.0,0.6417,0.0,0.0,0.0,0.0,0.0,0.0,0.0,0.0,0.0,0.0,0.0
Día 182,0.0,0.0,0.0,0.0,0.0,0.0,0.0,0.0,0.0,-1.5547,0.0,0.0,0.0,0.0,0.0,0.0,0.0,0.0,0.0,0.0,0.0,0.0,0.0,0.0,0.0,0.0,0.0,0.0,0.0,0.0,0.0,0.0,3.4555,0.0,0.0,0.0,0.0,0.0,0.0,0.0
Día 183,-1.9679,0.0,0.0,0.0,0.0,0.0,0.0,0.0,0.0,0.0,0.0,0.0,0.0,0.0,0.0,1.2392,0.0,0.0,0.0,0.0,0.0,0.0,0.0,0.0,0.0,0.0,0.0,0.0,0.0,0.0,0.0,-1.0051,0.0,0.0,0.0,0.0,0.0,1.0359,0.0,0.0
Día 184,0.0,0.0,0.0,0.0,0.0,0.0,0.0,0.0,0.0,0.0,0.0,0.0,-2.622,0.0,0.0,0.0,0.0,0.0,0.0462,0.0,0.0,0.0,0.0,0.0,0.0,0.0,0.0,0.0,0.0,0.0,0.0,0.0,0.0,0.0,0.0,0.0,0.0,0.0,0.0,0.0
Día 185,0.0,0.0,0.0,0.0,0.0,0.0,0.0,0.0,0.0,0.0,0.0,0.0,0.0,0.0,0.0,0.0,0.0,0.0,0.0,0.0,0.0,0.0,0.0,0.3462,0.0,0.0,0.0,0.0,0.0,0.0,0.0,0.0,0.0,0.0,0.0,0.0,0.0,0.0,2.029,0.0
Día 186,0.0,0.0,0.0,0.0,0.0,0.0,0.0,0.0,0.0,0.0,0.0,0.0,-0.499,0.1244,0.0,0.0,0.0,0.0,0.0,0.0,0.0,0.0,0.0,2.2814,0.1984,0.0,0.0,0.0,0.0,0.0,0.0,0.0,0.0,0.0352,0.0,0.0,0.0,0.0,0.0,0.0
Día 187,-0.2186,0.0,0.0,0.0,0.0,0.0,0.0,0.0,0.0,0.0,0.0,0.0,-1.72,0.0,0.0,0.0,0.7905,0.0,0.0,0.0,0.0,0.0,0.0,0.439,0.0,0.0,0.0,0.0,0.0,0.0,0.0,0.0,0.0,1.3571,0.0,0.0,0.0,0.0,0.0,0.0
Día 188,0.0,0.0,0.0,0.0,0.0,0.0,0.0,0.0,0.0,0.0,0.0,0.0,0.0,0.0,0.0,0.0,0.0,0.0,0.0,0.0,0.0,0.0,0.4503,0.0,0.0,0.0,0.0,-0.8636,0.0,0.0,0.0,0.0,0.0,2.7394,0.0,0.0,0.0,0.0,0.0,0.0
Día 189,0.0,0.0,0.0,-0.7024,0.0,0.0,0.0,0.0,0.0,0.0,0.0,0.0,0.0,0.0,0.0,0.0,0.0,0.0,0.0,0.0,0.0,0.0,0.0,0.6489,0.0,0.0,0.0,0.0,0.0,0.0,-1.4359,0.0,0.0,0.0,0.0,0.0,0.0,0.0,0.0,0.0
Día 190,0.0,0.0,0.0,0.0,0.0,0.0,0.0,0.0,0.0,0.0,0.0,0.0,0.0,0.0,0.0,0.3475,0.0,0.2405,0.0,0.0,0.0,0.0,0.0,0.0,0.0,0.0,0.0,0.0,0.0,0.0,0.0,0.0,0.0,0.0,2.5363,0.0,0.0,0.3732,0.0,0.0
Día 191,0.0,0.0,0.0,0.0,0.0,0.0,0.0,0.0,0.0,0.0,0.0,0.0,0.0,0.0,0.0,0.0,0.0,0.0,1.943,0.0,0.0,0.0,0.0,0.0,0.0,0.0,0.0,0.0,0.0,0.3032,-0.4367,0.0,0.0,0.0,0.0,0.0,0.0,0.0,0.0,0.0
Día 192,0.0,0.0,0.0,0.0,0.0,0.0,0.0,0.0,0.0,0.0,0.0,0.0,0.0,0.0,0.0,0.0,0.0,0.0,0.0,0.0,0.0,-0.2444,-0.125,0.0,0.0,0.078,0.0,0.0,1.6779,0.0,0.0,0.0,0.0,0.0,0.0,0.0,0.0,0.2136,0.0,0.0
Día 193,0.0,0.0,0.0,0.0,0.0,0.0,0.0,0.0,0.0,0.0,0.0,0.0,0.0,0.0,0.0,0.0,0.0,0.0,0.0,0.0,0.0,0.0,0.0,0.0,0.0,0.0,0.0,0.0,2.4552,0.0,0.0,-0.2032,0.0,0.0,0.0,0.0,0.0,0.289,0.0,-0.2302
Día 194,0.0,0.0,0.0,0.0,0.0,0.0,0.0,0.0,0.0,0.0,0.0,0.0,0.0,0.4129,0.0,0.0,0.0,0.0,0.0,0.0,0.0,0.0,0.0,1.2551,0.0,1.7658,0.0,0.0,0.0,0.0,0.0,0.0,0.0,0.0,0.0,0.0,0.0,0.0,0.0,0.0
Día 195,0.0,0.0,0.0,0.0,0.0,0.0,0.0,0.0,0.0,0.0,0.0,0.0,0.0,0.0,0.0,0.0,0.0,0.0,0.0,0.0,0.0,0.0,0.0,0.0204,0.6009,2.4142,0.0,0.0,0.0,0.0,0.0,0.0,0.0,0.0,0.0,0.0,0.0,0.4392,0.0,0.0
Día 196,0.0,0.0,0.0,0.0,0.0,0.0,0.0,0.0,0.0,0.0,0.0,0.0,0.0,0.0,0.0,0.0,0.0,0.0,0.0,0.0,0.0,0.0,0.0,0.1871,0.4488,0.0,0.0,0.0,0.0,0.0,0.0,0.0,0.0,0.0,0.0,0.0,0.0,2.8311,0.0,0.0
Día 197,0.0,0.0,0.0,0.0,0.0,0.0,0.0,0.0,0.0,0.0,0.0,0.0,-0.1491,0.0,0.0,0.0,0.0,0.0,0.0,0.0,0.0,0.0,0.0,1.9817,0.0,0.0,0.0,0.0,0.0,0.0,0.0,0.0,0.0,1.1287,0.0,0.0,0.0,0.0,0.0,0.0
Día 198,0.0,0.0,0.0,0.0,0.0,0.0,0.0,0.0,0.0,-0.009,0.0,0.0,-0.3236,0.0,0.0,0.0,0.0,0.0,0.6464,0.0,0.0,0.0,0.0,2.6027,0.0,0.0,0.0,0.0,0.0,0.0,0.0,0.0,0.0,0.0,0.0,0.0,0.0,0.0,0.0,0.0
Día 199,-0.2156,0.0,0.0,0.0,0.0,0.0,0.0,0.0,0.0,0.0,0.0,0.0,0.0,0.2103,0.0,0.0,0.0,0.0,0.0,0.0,0.0,0.0,0.0,2.7418,0.0,0.0,0.0,0.0,0.0,0.0,0.0,0.0,0.0,0.0,0.0,0.0,0.0,0.0,1.352,0.0
Día 200,0.0,0.0,0.0,0.0,0.0,0.0,0.0,0.0,0.0,0.0,0.0,0.0,0.0,0.3476,0.0,0.0,0.0,0.0,0.0,0.0,0.0,0.0,0.0,0.0,0.0,0.0,0.0,-1.2359,0.0,0.0,0.0,0.0,0.0,0.0,0.0,0.0,0.0,2.2878,0.0,-0.1608
Día 201,0.0,0.0,0.0,0.0,0.0,0.0,0.0,0.0,0.0,0.0,0.0,0.0,0.0,0.0,0.0,0.0,0.0,0.0,0.0,0.0,0.0,0.0,0.0,2.2431,0.0,0.0709,0.6602,0.0,0.0,0.0,0.0,0.0,0.0,0.0,0.0,0.0,0.0,0.0,0.0,0.0
Día 202,0.0,0.0,0.0,0.0,0.0,0.0,0.0,0.0,0.0,0.0,0.0,0.0,0.0,0.0,0.0,0.0,0.0,0.0,0.2749,0.0,0.0,0.0,0.0,1.0537,0.0,0.0,1.1266,0.0,0.0,0.0,0.0,0.0,0.0,0.0,0.0,0.0,0.0,0.0,0.0,0.0
Día 203,0.0,0.0,0.0,0.0,0.0,0.0,0.0,0.0,0.0,0.0,0.0,0.0,0.0,0.0,0.0,0.0,0.0,0.0,0.0181,0.0,0.0,0.0,0.0,1.5915,0.0,0.0,0.0,0.0,0.0,0.0,0.0,0.0,0.0,0.0,0.0,0.0,0.0,0.0,0.8122,0.0
Día 204,0.0,0.0,0.0,0.0,0.0,0.0,0.0,0.0,0.0,0.0,0.0,0.0,0.0,0.0,0.0,0.0,0.0,0.0,0.0,0.0,0.0,0.0,0.0,0.0,0.0,0.0,0.0,0.0,0.0,0.0,0.0,0.0,0.0,0.0,0.0,0.0,0.0,2.8107,0.0,0.0
Día 205,0.0,0.0,-0.0068,0.0,0.0,0.0,0.0,0.0,0.0,0.0,0.0,0.0,0.0,0.0,0.0,0.0,0.0,0.0,0.0,0.0,0.0,0.0,0.0,0.0,0.0,1.8594,0.0,0.0,0.0,0.0,0.0,0.0,0.0,0.0,0.0,0.0,0.0,0.0,1.2855,0.0
Día 206,0.0,0.0,-0.6438,0.0,0.0,0.0,0.0,0.0,0.0,0.0,0.0,0.0,0.0,0.0,0.0,0.0,0.0,0.0,0.0,0.0,0.0,0.0,0.0,0.0,0.0,1.9687,0.0,0.0,0.0,0.0,0.0,0.0,0.0,0.0,0.0,0.0,0.0,0.0,0.9986,0.0
Día 207,0.0,0.0,0.0,0.0,0.0,0.0,0.0,0.0,0.0,0.0,0.0,0.0,0.0,0.0,0.0,0.0,0.0,0.0,0.0,0.0,0.0,0.0,0.0,0.0,0.0,0.0,0.0,0.0,2.5032,0.0,0.0,0.0,0.0922,0.0,0.0,0.0,0.0,0.0718,0.0,-0.6189
Día 208,0.0,0.0,0.0,0.0,0.0,0.0,0.0,0.0,0.0,0.0,0.0,0.0,-1.0297,1.2323,0.0,0.0,0.0,0.0,0.0,0.0,0.0,0.0,0.0,0.865,0.0,0.0,0.0,0.0,0.0,0.0,0.0,0.0,0.0,0.0,0.0,0.0,0.0,0.0,0.0,0.0
Día 209,0.0,0.0,0.0,0.0,0.0,0.0,0.0,0.0,0.0,0.0,0.0,0.0,-0.4052,2.7239,0.0,0.0,0.0,0.0,0.0,0.0,0.0,0.0,0.0,0.0,0.0,0.0,0.0,0.0,0.0,0.0,0.0,0.0,0.0,0.0,0.0,0.0,0.0,0.1262,0.0,-0.2688
Día 210,0.0,0.0,0.0,0.0,0.0,0.0,0.0,0.0,0.0,-0.0805,0.0,0.0,0.0,0.6148,0.0,0.0,0.0,0.0,0.0,0.0,0.0,0.0,0.0,0.0,0.0,0.0,0.0,0.0,0.0,0.0,0.0,0.0,0.0,0.0,0.0,0.0,0.0,0.0,2.6554,0.0
Día 211,0.0,0.0,0.0,0.0,0.0,0.0,0.0,0.0,0.0,0.0,0.0,0.0,-0.0239,0.2296,0.0,0.0,0.0,0.0,0.0,0.0,0.0,0.0,0.0,0.0,0.0,0.0,0.0,0.0,3.4267,0.0,0.0,0.0,0.3243,0.0,0.0,0.0,0.0,0.0915,0.0,-0.0927
Día 212,-1.0678,0.0,0.0,0.0,0.0,0.0,0.0,0.0,0.0,0.0,0.0,0.0,0.0,0.0,0.0,0.0,0.0,0.0,0.0,0.0,0.0,0.0,0.0,0.0,0.0,0.0,0.0,0.0,0.0,0.0,0.0,0.0,0.0,0.0,0.0,0.0,0.0,0.0,0.5561,-1.2382
Día 213,0.0,0.0,0.0,0.0,0.0,0.0,0.0,0.0248,0.0,0.0,0.0,0.0,0.0,0.0,-0.2197,-0.0365,0.0,0.0,2.543,0.0,0.0,0.0,0.0,0.0,0.0,0.0,0.0,0.0,0.0,0.0,0.0,0.0,0.0,0.0,0.0,0.0,0.0,0.0,0.0,0.0
Día 214,0.0,0.0,0.0,0.0,0.0,0.0,0.0,0.0,0.0,0.0,0.0,0.0,0.0,0.0,0.0,0.0,0.0,0.0,0.0,0.0,-0.0251,0.0,0.0,0.0,0.0,3.29,0.0,0.0,0.0,0.0,0.0,0.0,0.0,0.0,0.0,0.0,0.0,0.0,0.0,0.0
Día 215,0.0,0.0,0.0,0.0,0.0,0.0,0.0,0.0,0.0,0.0,0.0,0.0,0.0,0.0173,0.0,0.0,0.0,0.0,0.0,0.0,0.0,0.0,0.0,0.0,0.0,2.8241,0.0,0.0,0.0,0.0,0.0,0.0,0.0,0.0,0.0,0.0,0.0,0.0,0.0,0.0
Día 216,0.0,0.0,0.0,0.0,0.0,0.0,0.0,0.0,0.0,0.0,0.0,0.0,0.0,0.2535,0.0,0.0,0.0,0.0,0.0,0.0,0.0,0.0,0.0,0.0,0.0,0.0,0.0,0.0,2.6588,0.0,0.0,0.0,0.0,0.0,0.0,0.0,0.0,0.0,0.0,0.0
Día 217,-0.2841,0.0,0.0,0.0,0.0,0.0,0.0,0.0,0.0,0.0,0.0,0.0,0.0,0.0,0.0,0.0,0.0,0.0,0.0,0.0,0.0,0.0,0.0,0.0,0.0,0.0,0.0,0.0,3.0254,0.0,0.0,0.0,0.9798,0.0,0.0,0.0,0.0,0.0,0.0,0.0
Día 218,-0.1988,0.0,0.0,0.0,0.0,0.0,0.0,0.0,0.0,0.0,0.0,0.0,-1.867,0.0,0.0,0.0,0.0,0.0,0.0,0.0,0.0,0.0,0.0,1.6312,0.0,0.0,0.0,0.0,0.0,0.0,0.0,0.0,0.0,0.0,0.0,0.0,0.0,0.0,0.0,0.0
Día 219,-1.7832,0.0,0.0,0.0,0.0,0.0,0.0,0.0,0.0,0.0,0.0,0.0,0.0,1.4098,0.0,0.0,0.0,0.0,0.0,0.0,0.0,0.0,0.0,0.3351,0.0,0.0,0.0,0.0,0.0,0.0,0.0,0.0,0.0,0.0,0.0,0.0,0.0,0.0,0.4499,0.0
Día 220,0.0,0.0,0.0,0.0,0.0,0.0,0.0,0.0,0.0,0.0,0.0,0.0,-0.6574,0.0,0.0,0.0,0.0,0.0,1.826,0.0,0.0,0.0,0.0,0.0,0.0,0.0,0.0,0.0,0.0,0.0,0.0,0.0,0.0,0.0,0.0,0.0,0.0,0.0,0.0,0.0
Día 221,0.0,0.0,0.0,0.0,0.0,0.0,0.0,0.0,0.0,0.0,0.0,0.0,0.0,0.0,0.0,0.0,0.0,0.0,2.6388,0.0,0.0,0.0,0.0,0.0,0.0,0.0,0.0,0.0,0.0,0.0,0.0,0.0,0.0,0.0,0.0,0.0,0.0,0.0,0.0,0.0
Día 222,0.0,0.0,0.0,0.0,0.0,0.0,0.0,0.0,0.0,0.0,0.0,0.0,0.0,0.0,0.0,0.0,0.0,0.0,0.19,0.0,0.0,0.0,0.0,1.2694,0.0,0.0,0.9122,0.0,0.0,0.0,0.0,0.0,0.0,0.0,0.0,0.0,0.0,0.0,0.0,0.0
Día 223,0.0,0.0,0.0,0.0,0.0,0.0,0.0,0.0,0.0,0.0,0.0,0.0,-0.0579,0.0,0.0,0.0,0.0,0.0,0.0,0.0,0.0,0.0,0.0,2.0777,0.0,0.0,0.0,0.0,0.0,0.0,0.0,0.0,0.0,0.0,0.0,0.0,0.0,0.0456,0.0,0.0
Día 224,0.0,0.0,0.0,0.0,0.0,0.0,0.0,0.0,0.0,0.0,0.0,0.0,0.0,0.0,0.0,0.0,0.0,0.0,0.0487,0.0,0.0,0.0,0.0,2.1066,0.0,0.3866,0.5467,0.0,0.0,0.0,0.0,0.0,0.0,0.0,0.0,0.0,0.0,0.0,0.0676,0.0
Día 225,0.0,0.0,0.0,0.0,0.0,0.0,0.0,0.0,0.0,0.0,0.0,0.0,0.0,0.0,0.0,0.0,0.0,0.0,0.0,0.0,0.0,0.0,0.0,0.0,0.0,0.0,0.0,0.0,0.0,0.0,0.0,0.0,0.6936,0.0,0.0,0.0,0.0,0.0,2.4443,0.0
Día 226,-0.4368,0.0,0.0,0.0,0.0,0.0,0.0,0.0,0.0,0.0,0.0,0.0,0.0,0.0,0.0,0.0,0.0,0.0,0.0,0.0,0.0,0.0,0.0,1.0775,0.0,0.0,0.0,0.0,0.0,0.0,-0.4613,0.0,0.0,0.0,0.5806,0.0,0.0,0.0,0.3497,0.0
Día 227,0.0,0.0,0.0,0.0,0.0,0.0,0.0,0.4597,0.0,0.0,0.0,0.0,-1.5091,0.0,0.0,0.0,0.0,0.0,0.3958,0.0,0.0,0.0,0.0,0.0,0.0,0.0,0.0,0.0,0.0,0.0,0.0,0.0,0.0,0.0,0.0,0.0,0.0,0.0,0.0,0.0
Día 228,0.0,0.0,0.0,0.0,0.0,0.0,0.0,0.0,0.0,0.0,0.0,0.0,0.0,0.0,0.0,0.0,0.0,0.298,0.2519,0.0,0.0,0.0,0.0,0.0,0.0,0.0,0.0,0.0,0.0,0.0,0.0,0.0,0.0,0.0,0.4001,0.0,0.0,0.0,0.0,0.0
Día 229,0.0,0.0,0.0,0.0,0.0,0.0,0.0,0.0,0.0,0.0,0.0,0.0,0.0,0.0,0.0,0.0,0.0,0.0,0.0,0.0,0.0,0.0,0.0,0.0,0.0,0.0,0.6757,0.0,0.0,0.0,-0.5263,0.0,0.0,0.0,0.0,0.0,0.0,0.0,0.0,0.0
Día 230,0.0,0.0,0.0,0.0,0.0,0.0,0.0,0.0,0.0,0.0,0.0,0.0,0.0,0.0,0.0,0.0,0.0,0.0,0.0,0.0,0.0,0.0,0.0,0.0,0.0,0.0,0.0,0.0,0.0,0.0,0.0,0.0,0.0,2.952,0.0,0.0,0.4774,0.0,0.0,0.0
Día 231,0.0,0.0,0.0,0.0,0.0,0.0,0.0,0.0,0.0,0.0,0.0,0.0,-0.6107,0.0944,0.0,0.0,0.0,0.0,0.0,0.0,0.0,0.0,0.0,1.6745,0.0,0.0,0.0,-0.1781,0.0,0.0,0.0,0.0,0.0,0.0952,0.0,0.0,0.0,0.0,0.0,0.0
Día 232,0.0,0.0,0.0,0.0,0.0,0.0,0.0,0.0,0.4825,0.0,0.0,0.0,0.0,0.0,0.0,0.0,0.0,0.0,1.7481,0.0,0.0,0.0,0.0,0.0,0.0,0.0,0.0,0.0,0.0,0.1324,0.0,0.0,0.0,0.0,0.0,0.0,0.0,0.0,0.0,0.0
Día 233,0.0,0.0,0.0,0.0,0.0,0.0,0.0,0.0,0.0,0.0,0.0,0.0,0.0,0.0,0.0,0.0,0.0,0.0,0.0,0.0,0.0,0.0,0.0,0.0,0.0,0.0259,2.4377,0.0,0.0,0.0,0.0,0.0,0.0,0.0,0.0,0.0,0.0,0.0,0.0,0.0
Día 234,0.0,0.0,0.0,0.0,0.0,0.0,0.0,0.0,0.0,0.0,0.0,0.0,0.0,0.0,0.0,0.0,0.0,0.0,0.0,0.0,0.0,0.0,0.0,0.0,0.0,1.1928,0.7694,0.0,0.0,0.0,0.0,0.0,0.0,0.0,0.0,0.0,0.0,0.0,0.0,0.0
Día 235,0.0,0.0,0.0,0.0,0.0,0.0,0.0,0.0,0.0,0.0,0.0,0.0,0.0,0.0,0.0,0.0,0.0,0.0,0.0,0.0,0.0,0.0,0.0,0.0,0.0,0.0,0.0,0.0,1.7709,0.0,0.0,0.0,0.6737,0.0,0.0,0.0,0.0,0.0,0.4945,0.0
Día 236,0.0,0.0,0.0,0.0,0.0,0.0,0.0,0.0,0.0,0.0,0.0,0.0,0.0,0.0,0.0,0.0,0.0,0.0,0.0,0.0,0.0,0.0,0.0,0.0,0.0,0.0,0.0,0.0,0.0,0.0,0.0,0.0,1.0579,0.0,0.0,0.0,0.0,0.2509,1.5696,0.0
Día 237,0.0,0.0,0.0,0.0,0.0,0.0,0.0,0.0,0.0,0.0,0.0,0.0,0.0,0.0,0.0,0.0,0.0,0.0,0.9483,0.0,0.0,0.0,0.0,0.0,0.0,1.4039,0.7364,0.0,0.0,0.0,0.0,0.0,0.0,0.0,0.0,0.0,0.0,0.0,0.0,0.0
Día 238,0.0,0.0,0.0,0.0,0.0,0.0,0.0,0.0,0.0,0.0,0.0,0.0,0.0,0.0,-0.9521,0.0,0.0,0.0,0.0,0.0,0.0,0.0,-0.0219,0.0,0.0,0.7909,0.0,0.0,0.6606,0.0,0.0,0.0,0.0,0.0,0.0,0.0,0.0,0.0,1.2355,0.0
Día 239,0.0,0.0,0.0,0.0,2.0095,0.0,0.0,0.0,0.0,0.0,0.0,0.0,0.0,0.0,0.0,0.0,0.0,0.0,0.0,0.0,0.0,0.0,0.0,0.0,0.0,0.0,0.0,0.0,1.1653,0.0,0.0,0.0,0.0,0.0,0.0,0.0,0.0,0.0,1.5121,0.0
Día 240,0.0,0.0,0.0,0.0,1.9323,0.0,0.0,0.0,0.0,0.0,0.0,0.0,0.0,0.0,0.0,0.0,0.0,0.0,0.0,0.0,0.0,0.0,0.0,0.0,0.0,0.0,0.0,0.0,0.0,0.0,0.0,0.0,0.3457,0.0,0.0,0.0,0.0,0.0,1.1417,0.0
Día 241,0.0,0.0,0.0,0.0,0.0,0.0,0.0,0.0,0.0,0.0,0.0,0.0,0.0,0.0,0.0,0.0,0.0,0.0255,0.0,0.0,0.0,0.0,0.0,0.8325,0.0,0.0,0.0,0.0,0.0,0.0,0.0,0.0,0.0,0.0,0.0,0.0,0.0,0.1761,0.0,0.0
Día 242,0.0,0.0,0.0,0.0,0.0,0.0,0.0,0.0,0.0,0.0,0.0,0.0,0.0,0.5815,0.0,0.0,0.0,0.0,0.0,0.0,0.0,0.0,0.0,0.0,2.0088,0.0,0.0,0.0,0.0,0.0,0.0,0.0,0.0,0.0,0.0,0.0,0.0,0.0,0.0,0.0
Día 243,0.0,0.0,0.0,0.0,0.0,0.0,0.0,0.0,0.0,0.0,0.0,0.0,-0.3703,2.1962,0.0,0.0,0.0,0.0,0.0,0.0,0.0,0.0,0.0,0.0,0.0,0.0,0.0,-0.4048,0.0,0.0,0.0,-0.6565,0.0,0.0,0.0,0.0,0.0,0.0,0.0,0.0
Día 244,0.0,0.0,0.0,0.0,0.0,0.0,0.0,0.0,0.0,0.0,0.0,0.0,0.0,1.1675,0.0,0.0,0.0,0.0,0.0,0.0,0.0,0.0,0.0,0.0,0.0,0.0,0.0,-1.2916,0.0,0.0,0.0,0.0,0.846,0.0,0.0,0.0,0.0,0.0,0.0,0.0
Día 245,0.0,0.0,0.0,0.0,0.0,0.0,0.0,0.0,0.0,0.0,0.0,0.0,0.0,3.009,0.0,0.0,0.0,0.0,0.0,0.0,0.0,0.0,0.0,0.0,0.0,0.0,0.0,0.0,0.0,-0.9309,0.0,0.0,0.0,0.0,0.0,0.0,0.0,0.0,0.0,0.0
Día 246,0.0,0.0,0.0,0.0,0.0,0.0,0.0,0.0,0.0,0.0,0.0,0.0,-1.9499,0.0,0.0,0.0,0.0,0.0,0.0,0.0,-0.1355,0.0,0.0,0.1239,0.0808,0.7184,0.0,0.0,0.0,0.0,0.0,0.0,0.0,0.0,0.0,0.0,0.0,0.0,0.0,0.0
Día 247,0.0,0.0,0.0,-0.0401,0.0,0.0,0.0,0.0,0.0,-0.0689,0.0,0.0,0.0,0.1365,0.0,0.0,0.0,0.0,0.0,0.0,0.0,0.0,0.0,1.2573,0.0,0.0,0.0,0.0,0.0,0.0,0.0,0.0,0.0,0.0,0.0,0.0,0.0,0.0,0.5118,0.0
Día 248,0.0,0.0,0.0,0.0,0.0,0.0,0.0,0.0,0.0,0.0,0.0,0.0,0.0,0.0,0.0,0.0,0.0,0.0,0.0,-0.2603,0.0,0.0,0.0,0.0,0.0,0.0,0.0,0.0,0.1161,0.0,0.0,0.0,0.0,0.0,0.0,0.0,0.0,0.3339,0.0,-1.4972
Día 249,0.0,0.0,0.0,0.0,0.0,0.0,0.0,0.0,0.3276,0.0,0.0,-0.8432,0.0,0.0,0.0,0.0,0.0,0.0,0.129,0.0,0.0,0.0,0.0,0.0,0.0,0.0,0.0553,0.0,0.0,0.0,0.0,0.0,0.0,0.0,0.0,0.252,0.0,0.0,0.0,0.0
Día 250,0.0,0.0,0.0,0.0,0.0,0.0,0.0,0.0,0.0,0.0,0.0,0.0,0.0,0.0,0.0,0.0,0.0,0.0,0.0,0.0,0.0,0.0,0.0,0.0,0.0,0.0,0.0,0.0,0.0,0.0,0.0,0.0,0.0,1.8298,0.0,0.0,0.0,0.0,0.0,0.0
Día 251,0.0,0.0,0.0,0.0,0.0,0.0,0.0,0.9247,0.0,0.0,0.0,0.0,-0.8691,0.0,0.0,0.0,0.0,0.0,0.0,-0.2616,0.0,0.0,0.0,0.0,0.0,0.0,0.0,0.0,0.0,0.0,0.0,0.0,0.0,0.0,0.0,0.0,0.0,0.0,0.0,0.0
Día 252,0.0,0.0,0.0,0.0,0.0,0.0,0.0,0.0,0.0,0.0,0.0,0.0,0.0,0.0,-0.5965,0.0,0.0,0.0,0.0,0.3318,0.0,-0.0186,0.0,0.0,1.3706,0.0,0.0,0.0,0.0,0.0,0.0,0.0,0.0,0.0,-0.3133,0.0,0.0,0.0,0.0,0.0
Día 253,0.0,0.4892,0.0,0.0,0.0,0.0,0.0,0.0,0.0,0.0,0.0,0.0,0.0,0.0,-1.5377,0.0,0.0,0.0,0.0,0.0,0.0,0.0,0.0,0.0,0.0,0.0,0.0,0.0,0.492,-0.8039,0.0,0.0,0.0,0.0,0.0,0.0,-0.3476,0.0,0.0,0.0
Día 254,0.0,0.0,0.0,0.0,0.0,0.0,0.0,0.0,0.0,0.0,0.0,0.0,0.0,0.0,0.0,0.0,0.0,0.0,0.0,0.0,0.0,0.0,0.0,0.0,0.0,0.0,0.0,0.0,3.5032,0.0,0.0,0.0,0.0,0.0,0.0,0.0,0.0,0.0,0.0,0.0
Día 255,0.0,0.0,0.0,0.0,0.0,0.0,0.0,0.0,0.0,0.0,0.0,0.0,0.0,0.0,0.0,0.0,0.0,0.0,1.2989,0.0,0.0,0.0,0.0,0.0,0.0,0.0,0.0,0.0,0.0,0.0,0.0,0.0,0.0,0.0,0.0,0.0,0.0,0.0,0.0,0.0
Día 256,0.0,0.0,0.0,0.0,0.0,0.0,0.0,0.0,0.3501,0.0,0.0,0.0,0.0,0.0,0.0,0.0,0.0,0.0,0.0,0.0,0.0,0.0,0.0,0.0,0.0,0.0,0.8682,0.0,0.0,0.3942,-0.0147,0.0,0.0,0.0,0.0,0.0,0.0,0.0,0.0,0.0
Día 257,0.0,0.0,0.0,0.0,0.0,0.0,0.0,0.0,0.0,0.0,0.0,0.0,0.0,0.0,0.0,0.0,0.0,0.0,0.0,0.0,0.0,0.0,0.0,0.1531,0.0,0.0,0.0,0.0,0.0,0.0,-1.9465,0.0,0.0,0.0,0.0024,0.0,0.0,0.0,0.0,0.0
Día 258,0.0,0.0,0.0,0.0,0.1067,0.0,0.0,0.0,0.0,0.0,0.0,0.0,0.0,0.0,0.0,0.0,0.0,0.0,0.0,0.0,0.0,0.0,0.0,0.0,0.0,0.0,0.0,0.0,0.0,0.0,0.0,0.0,2.7135,0.0,0.0,0.0,0.0,0.0,0.0,0.0
Día 259,0.0,0.0,0.0,0.0,0.0,0.0,0.0,0.0,0.0,0.0,0.0,0.0,0.0,0.0,0.0,0.0,0.0,0.0,0.0,0.0,0.0,0.0,0.0,1.0998,0.0,0.0,0.1207,0.0,0.0,0.0,-0.6836,0.0,0.0,0.0,0.0,0.0,0.0,0.0939,0.0,0.0
Día 260,0.0,0.0,0.0,0.0,0.0,0.0,0.0,0.0,0.0,0.0,0.0,0.0,0.0,0.0,0.0,0.0,0.0,0.0,0.0,0.0,0.0,0.0,0.0,2.6931,0.0,0.0,0.0,0.0,0.0,0.0,0.0,0.0,0.0,0.0,0.0,0.0,0.0,0.0,0.0,0.0
Día 261,0.0,0.0,0.0,0.0,0.0,0.0,0.0,0.0,0.0,0.0,0.0,0.0,0.0,1.3362,0.0,0.0,0.0,-0.6417,0.0,0.0,0.0,0.0,0.0,0.0,0.0,0.0,0.0,0.0,2.1421,-0.63,0.0,0.0,0.0,0.0,0.0,0.0,0.0,0.0,0.0,0.0
Día 262,0.0,0.0,0.0,0.0,0.0,0.0,0.0,0.0,0.0,0.0,-0.2265,0.0,0.0,0.0,0.0,0.0,0.0,0.0,0.0,0.0,0.0,0.0,0.0,0.0,0.0,0.0,0.0,0.0,0.0,0.0,0.0,0.0,1.409,0.0,0.0,0.0,0.0,0.0,0.0,-2.162
Día 263,0.0,0.0,0.0,0.0,0.0,0.0,0.0,0.0,0.0,0.0,0.0,0.0,0.0,0.0,0.0,0.0,0.0,0.0,0.0,0.0,0.0,0.0,0.0,0.2445,0.0,0.0,0.0,0.0,0.0,0.0,-0.8905,0.0,0.0,0.4128,0.0,0.0,0.0,0.0,0.0,0.0
Día 264,0.0,0.0,0.4191,0.0,0.0,0.0,0.0,0.0,0.0,1.1385,0.0,0.0,0.0,0.0,0.0,0.0,0.0,1.2858,0.0,0.0,0.0,0.0,0.0,0.0,0.0,0.0,0.0,0.0,0.0,0.0,0.0,0.0,0.0,0.0,0.0,0.0,0.6126,0.0,0.0,0.0
Día 265,0.0,0.0,0.0,0.0,0.0,0.0,0.0,0.0,0.0,0.0,0.0,0.0,0.0,0.0,0.0,0.0,0.0,0.448,0.0,0.0,0.0,0.0,0.0,0.0,0.0,0.0,0.0,0.0,0.0,0.2055,0.0,0.0,0.0,0.0,0.0,1.4251,0.0,0.0,0.0,0.0
Día 266,0.0,0.0,0.0,0.0,0.0,0.0,0.0,0.0,0.0,0.0,0.0,0.0,0.0,0.0,0.0,0.0,0.0,0.0,0.0,0.0,0.0,0.0,0.0,0.0,0.0,0.0,0.0,0.0,0.0,1.5345,0.0,0.0,0.0,0.0,0.0,0.0,0.0,0.0,0.0,0.0
Día 267,0.0,0.0,0.0,0.0,0.0,0.0,0.0,-0.4359,0.0,0.0,0.0,0.0,0.0,0.0,0.0,0.0,0.0,0.0,0.0,1.6596,0.0,0.0,0.0,0.0,0.0,0.0,0.2044,0.0,0.0,0.0,0.0,0.0,0.0,0.0,0.0,0.0,0.0,0.0,0.0,0.0
Día 268,0.0,0.0,0.0,0.0,0.0,0.0,0.0,0.0,0.0,0.0,0.0,0.0,0.0,0.0,0.0,0.0,0.0,0.0,0.0,1.3361,0.0,0.0,-1.5443,0.0,0.0,0.0,0.2567,0.0,0.0,0.0,0.0,0.0,0.0,0.0,0.0,0.5019,0.0,0.0,0.0,0.0
Día 269,0.0,0.0,-0.0569,0.0,3.3785,0.0,0.0,0.0,0.0,0.0,0.0,0.0,0.0,0.0,0.0,0.0,0.0,0.0,0.0,0.0,0.0,0.0,0.0,0.0,0.0,0.0,0.0,0.0,0.0,0.0,0.0,0.0,0.0,0.0,0.0,0.0,0.0,0.0,0.0,0.0
Día 270,0.0,0.0,0.0,0.0,0.0,0.0,0.0,0.0,0.025,0.0,0.0,0.0,0.0,0.0,0.0,0.0,0.0,0.0,0.0,0.1718,0.0,0.0,0.0,0.0,0.0,0.0,1.3553,0.0,0.0,0.0,0.0,0.0,0.0,0.0,0.0,0.0,0.0,0.0,0.0,0.0
Día 271,0.0,0.0,0.0,0.0,0.7829,0.0,0.0,0.0,0.0,0.0,0.0,0.0,0.0,0.0,0.0,0.0,0.0,0.0,0.0,0.0,0.0,0.0,0.0,0.0,0.0,0.0,0.0,0.0,0.0,0.0,0.0,0.0,1.6088,0.0,0.0,0.0,0.0,0.0,0.0,0.0
Día 272,0.0,0.0,0.0,0.0,0.0,0.0,0.0,0.0,0.0,0.0,0.0,0.0,0.0,0.0,0.0,0.0,3.1319,0.0,0.0,0.0,0.0,0.0,0.0,0.0,0.0,0.0,0.0,0.0,0.0,0.0,0.0,0.0,0.0,0.0,0.0,0.0,0.0,0.0,0.0,0.0
Día 273,0.0,0.0,0.0,0.0,-0.1712,0.0,0.0,0.0,0.0,-1.62,0.0,0.0,0.0,0.0,0.0,0.0,0.0,0.0,0.0,0.0,0.0,1.2522,0.0,0.0,0.0,0.0,0.0,0.0,0.0,0.0,0.0,0.0,0.0,0.0,0.0,0.0,0.0,0.0,0.0,0.0
Día 274,0.0,0.0,0.0,-0.7196,0.0,0.0,0.0,0.0,0.0,0.0,-0.0207,0.0,0.0,0.0,0.0,0.0,0.0,0.0,0.0,0.0,0.4838,0.0,0.0,0.0,-0.7709,0.0,0.0,0.0,0.0,0.0,0.0,0.0,0.1122,0.0,0.0,0.0,0.0,0.0,0.0,0.0
Día 275,0.0,0.0,0.0,1.3084,0.0,0.0,0.0,0.0,0.0,0.0,0.0,0.0,0.0,0.0,0.0,0.0,0.0,0.0,0.0,0.0,0.0,0.0,0.0,0.0,0.0,0.0,-0.3012,0.0,0.0,0.0,0.0,0.0,0.0,0.0,0.0,0.0,0.0,0.0,0.0,0.0
Día 276,0.0,0.0,0.0,0.0,0.0,0.0,0.0,0.0,0.0,0.0,0.0,0.0,0.0,0.0,0.0,0.0,0.0,0.0,0.0,0.129,0.0,0.0,0.0,0.0,0.0,0.0,0.0,0.2171,0.0,0.0,0.0,0.0,0.0,0.0,0.0,1.9457,0.0,0.0,0.0,0.0
Día 277,0.0,0.0,0.0,0.0,0.0,0.0,0.0,0.0,0.0258,0.0,0.0,-0.0563,0.0,0.0,0.0,0.0,0.0,0.0,0.0,0.0,0.8181,0.0,0.0,0.0,0.0,0.0,0.0,0.0,0.0,0.0,0.0,0.0,0.0,0.0,0.0,1.4796,0.0,0.0,0.0,0.0
Día 278,0.0,0.0,0.0,0.0,0.0,0.0,0.0,-0.4984,0.0,0.0,0.0,-0.1655,0.0,0.0,0.0,0.0,0.0,0.0199,0.0,0.0,0.0,0.0,0.0,0.0,0.0,0.0,0.4119,0.0,0.0,0.0,0.0,0.0,0.0,0.0,0.0,0.0,0.0,0.0,0.0,0.0
Día 279,0.0,0.0,0.0,0.0,0.0,0.0,0.0,0.0,0.0,0.0,0.0,0.0,0.0,0.0,0.0,0.0,0.0,0.0,0.0,0.0,0.0,0.0,0.0,0.0,0.0,0.0,0.0,0.0,0.0,0.0,0.0,0.0,0.0,0.894,0.0,0.0,0.0,0.0,0.0,0.0
Día 280,0.0,0.0,0.0,0.0365,0.0,0.0,0.0,1.2246,0.0,0.0,0.0,0.0,0.0,0.0,0.0,0.0,0.0,0.0,0.0,0.0,0.0,0.0,0.0,0.0,0.0,0.0,0.0,0.0,0.0,0.0,0.0,0.0,0.0,0.0,0.0,0.0,0.0,0.0,0.0,0.0
Día 281,1.9716,0.0,0.0,0.2568,0.0,0.0,0.0,0.0,0.0,0.0,0.0629,0.0,0.0,0.0,0.0,0.0,0.0,0.0,0.0,0.0,0.0,0.0,0.0,0.0,0.0,0.0,0.0,0.0,0.0,0.0,0.0,0.0,0.0,0.0,0.0,0.0,0.0,0.0,0.0,0.0
Día 282,0.0,0.0,0.0,0.0,0.0,0.0,0.0,-0.5325,0.0,0.0,0.0,0.0,0.0,0.0,0.0,0.0,0.0,0.0,0.0,0.0,0.0,0.0,0.0,0.0,0.0,0.0,0.0,0.9522,0.0,0.0,0.0,0.0,0.0,0.0,0.0,0.0,0.0,0.0,0.0,0.0
Día 283,0.0,0.0,0.0,0.0,0.0,0.0,0.0,0.0,0.0,0.0,0.0,0.0,0.0,0.0,0.0,0.0,0.7547,0.0,0.0,0.0,0.0,0.0,0.0,0.0,0.0,0.0,0.0,0.0,0.0,0.0,0.0,0.0,0.0,0.1853,0.0,0.0,0.0,0.0,0.0,0.0
Día 284,-0.3363,0.0,0.0,-1.5665,0.0,0.0,0.0,0.0,0.0,0.0,-0.2879,0.0,0.0,0.0,0.0,0.0,0.0,0.0,0.0,0.0,0.0,0.0,0.0,0.0,0.0,0.0,0.0,0.0,0.0,0.0,0.0,0.0,0.0,0.0,0.0,0.0,0.0,0.0,0.0,0.0
Día 285,0.0,0.0,0.0,0.0,0.0,0.0,0.0,0.0,0.0,-2.4396,-0.4591,0.0,0.0,0.0,0.0,0.0,0.0,-0.826,0.0,0.0,0.0,0.0,0.0,0.0,0.0,0.0,0.0,0.0,0.0,0.0,0.0,0.0,0.0,0.0,0.0,0.0,0.0,0.0,0.0,0.0
Día 286,0.0,0.0,0.0,0.0,0.0,0.0,0.0,0.0,0.0,0.0,-4.0765,0.0,0.0,0.0,0.0,0.0,0.0,0.0,0.0,0.0,0.0,0.0,0.0,0.0,0.0,0.0,0.0,0.0,0.0,0.0,0.0,0.0,0.0,0.0,0.1402,0.0,0.0,0.0,0.0,0.0
Día 287,0.0,0.0,0.0,0.0,0.0,0.0,0.0,0.0,0.0,0.0,-0.0164,0.0,0.0,0.0,0.0702,0.0,0.0,0.0,0.0,0.0,1.3574,0.0,0.0,0.0,0.0,0.0,0.0,0.0,0.0,0.0,0.0,0.0,0.0,0.0,0.0629,0.0,0.0,0.0,0.0,0.0
Día 288,0.0,0.0,0.0,0.1279,0.0,0.0,0.0,0.0079,0.0,0.0,0.4247,0.0,0.0,0.0,0.0,0.0,-0.3217,0.0,0.0,0.0,0.0,0.0,0.0,0.0,0.0,0.0,0.0,0.0,0.0,0.0,0.0,0.0,0.0,0.0,0.0,0.1753,0.0,0.0,0.0,0.0
Día 289,0.0,0.0,0.0,0.0,0.0,0.0,0.0,0.0,0.0,0.0,0.0,0.0,0.0,0.0,0.0,0.0,-2.9891,0.0,0.0,0.0,0.0,0.0,-0.697,0.0,0.0,0.0,0.0,0.0,0.0,0.0,0.0,0.0,0.0,0.0,0.0,0.0,0.0,0.0,0.0,0.0
Día 290,0.0,0.0,0.0,0.0,1.914,0.0,0.0,0.0,0.0,0.0,0.0,0.0,0.0,0.0,0.0,0.0,0.0,0.0,0.0,0.0,0.7401,0.0,0.0,0.0,0.0,0.0,0.0,0.0,0.0,0.0,0.0,0.0,0.0,0.0,0.0,0.0,0.0,0.0,0.0,0.0
Día 291,0.0,-1.5005,0.0,0.0,0.0,0.0,0.0,-0.4116,0.0,0.0,0.0,0.0,0.0,0.0,0.0,0.0,0.0,0.0,0.0,0.0,0.0,0.0,0.0,0.0,0.0,0.0,0.0,0.0,0.0,0.0,0.0,0.0,0.0,0.0,0.0,0.0,0.0,0.0,0.0,0.0
Día 292,0.0,0.0,0.0,0.0,0.0,0.0,0.0,0.0,0.0,0.0005,0.0,0.0,0.0,0.0,0.0,0.0,0.0,0.0,0.0,0.0,0.0,0.0,0.0,0.0,0.0,0.0,0.0,0.0,0.0,0.0,0.0,2.2023,0.0,0.0,0.0,0.0,0.2068,0.0,0.0,0.0
Día 293,0.0,0.0,0.0,0.0,0.0,0.0,0.0,0.0,0.0,0.0,0.0,0.0,0.0,0.0,0.0,0.0,0.0,0.0,0.0,1.2885,0.0,0.0,-0.2161,0.0,0.0,0.0,0.0,0.644,0.0,0.0,0.0,0.0,0.0,0.0,0.0,0.2748,0.0,0.0,0.0,0.0
Día 294,0.0,0.0,0.0,0.0,0.0,0.0,0.0,0.0,0.0,0.0,0.0,0.0,0.0,0.0,0.0,0.0,0.0,0.0,0.0,0.0,0.0,0.0,0.0,0.0,0.0,0.3342,0.2389,0.0,0.0,0.0,0.0,0.0,0.0,0.0,0.0,0.0,0.0,0.0,0.0,0.0
Día 295,0.0,0.0,0.0,0.0,0.0,0.0,0.0,0.0,0.0535,0.0,0.0,0.0,0.0,0.0,0.0,0.0,0.0,0.0,0.0831,0.0,0.0,0.0,0.0,0.0,0.0,0.0,0.0,0.0,0.0,0.9461,0.0,0.0,0.0,0.0,0.0,0.0748,0.0,0.0,0.0,0.0
Día 296,0.0,0.0,0.0,0.0,0.4743,0.0,0.0,-0.3262,0.0,0.0,0.0,0.0,0.0,0.0,0.0,0.0,0.0,0.0,0.0,0.0,0.4189,0.0,0.0,0.0,0.0,0.0,0.0,0.0,0.0,0.0,0.0,0.0,1.0582,0.0,0.0,0.0,0.0,0.0,0.0,0.0
Día 297,0.0,0.0,0.0,-0.6507,0.0,0.0,-1.5195,0.0,0.0,0.0,0.0,0.0,0.0,0.0,0.0,0.0,0.0,0.0,0.0,0.0,0.0,0.0,0.0,0.0,0.0,0.0,0.0,0.0,0.0,0.0651,-1.3164,0.0,0.0,0.0,0.0,0.0,0.0,0.0,0.0,0.0
Día 298,0.0,0.0,0.0,0.0,0.0,0.0,0.0,0.0,0.0,0.0,0.0,0.0,0.0,0.0,0.0,0.0,0.0,0.0,0.0,0.0,0.0,0.0,0.0,0.0,0.6734,0.0,0.0,0.0,0.0,-0.3715,0.0,0.0,0.0,0.0,0.0,0.0,0.0,0.0,0.0,0.0
Día 299,0.0,0.0,0.0,0.0,0.0,0.0,0.0,0.0,0.0,0.0,0.8921,0.0,0.0,0.0,0.0,0.0,0.0,0.0,0.0,0.0,-0.2597,0.0,0.0,0.0,0.0,0.0,0.0,0.0,0.0,0.0,0.0,0.0,0.0,0.0,-0.041,0.0,0.0,0.0,0.0,0.0
Día 300,0.0,0.0,0.0,0.0,0.0,0.0,0.0,0.0,0.0,0.0,-0.181,0.0,0.0,0.0,0.0,0.0,0.0,0.0,0.0,0.0,0.0,0.0,0.0725,0.0,0.0,0.0,0.0,-0.7786,0.0,0.0,0.0,0.0,0.0,0.0,0.0,0.0,0.0,0.0,0.0,0.0
Día 301,0.0,-0.4112,0.0,-1.1868,0.0,0.0,-1.0369,0.0,0.0,0.0,0.0,0.0,0.0,0.0,0.0,0.0,0.0,0.0,0.0,0.8294,0.0,0.0,0.0,0.0,0.0,0.0,0.0,0.0,0.0,0.0,0.0,0.0,0.0,0.0,0.0,0.0,0.0,-0.1506,0.0,0.0
Día 302,0.0,0.0,0.0,0.0,0.0,0.0,-0.0839,0.0,0.0,0.0,0.0,0.0,0.0,0.0,0.0,0.0,0.0,0.0,0.0,0.0,0.0,0.0,0.0,0.0,0.0,0.0,0.0,0.0,0.0,0.0,0.0,2.5241,0.0,0.0,0.0,0.0,0.0,0.0,0.0,0.0
Día 303,0.0,0.0,0.0,0.0,0.4282,0.0,0.0,0.0,0.0,0.0,0.0,-0.1887,0.0,0.0,0.0,0.0,-0.19,0.0,0.0,0.0,1.2118,-0.3435,0.0,0.0,0.0,0.0,0.0,0.0,0.0,0.0,0.0,0.0,0.0,0.0,0.0,1.7408,0.0,0.0,0.0,0.0
Día 304,0.0,0.0,0.0,0.0,0.0,0.0,0.0,0.0,0.0,0.0,0.0,0.0,0.0,0.0,0.0,0.0,0.0,0.0,0.0,1.5852,0.0,0.0,0.0,0.0,0.0,0.0,0.0,0.0,0.0,0.0,0.0,0.0107,0.0,0.0,0.0,1.8946,0.0,0.0,0.0,0.0
Día 305,0.0,0.0,0.0,0.0,0.0,0.0,0.0,-0.2521,0.0,0.0,0.0,-0.4306,0.0,0.0,0.0,0.0,0.0,0.0,0.0,1.1352,0.0,0.0,0.0,0.0,0.0,0.0,0.0,0.0,0.0,0.0,0.0,0.1932,0.0,0.0,0.0,0.0,0.0,0.0,0.0,0.0
Día 306,0.0,0.0,0.0,0.0,0.0,0.0,0.0,0.0,0.0,0.0,0.0,0.0,0.0,0.0,0.0,0.0,0.0,0.0,0.0,0.0,0.0,0.0,0.0,0.0,0.0,0.0,0.0,0.0,0.0,0.0,0.0,0.0,0.0,0.0,0.0,0.0,0.0,0.0,0.0,0.0
Día 307,0.0,0.0,0.0,0.0,1.2387,0.0,0.0,0.0,0.0,0.0,0.0,0.0,0.0,0.0,-0.2598,0.0,0.0,0.0,0.0,0.0,0.0,-0.0105,-0.1712,0.0,0.0,0.0,0.0,0.0,0.0,-1.1277,0.0,0.0,0.0,0.0,0.0,0.0,0.0,0.0,0.0,0.0
Día 308,0.0,0.0,0.0,0.0,0.0,0.0,0.0,0.0,0.0,0.0,0.3924,0.0,0.0,0.0,0.0,0.0,0.0,0.0,0.0,0.0,0.0,0.0,-0.1097,0.0,0.0,0.0,0.0,0.2455,0.0,0.0,0.0,0.0,0.0,0.0,0.0,3.0061,0.0,0.0,0.0,0.0
Día 309,0.0,0.0,0.0,0.0,3.4322,0.0,0.0,0.0,0.0,0.0,0.0,0.0,0.0,0.0,0.0,0.0,0.0,0.0,0.0,0.0,0.0,0.0,0.0,0.0,0.0,0.0,0.0,0.404,0.0,0.0,0.0,0.0,0.0,0.0,0.0,0.0,0.0,0.0,0.0,0.0
Día 310,0.0,0.0,0.0,0.0,0.0,0.0,0.0,0.0,0.0,0.0,0.0,0.0,0.0,-0.4461,0.0,0.0,0.0,0.3477,0.0,0.0,0.0,0.0,0.0,0.0,0.0,0.0,0.0,0.0,0.0,0.1638,0.0,0.0,0.0,0.0,0.0,1.3207,0.0,0.0,0.0,0.0
Día 311,0.0,0.0,0.0,0.0,0.0,0.0,0.0,0.0,0.0,0.0,0.0,0.0,0.0,0.0,0.0,0.0,0.0,0.0,0.0,0.0,0.0,0.0,0.0,0.0,0.0,0.0,0.0,0.8831,0.0,0.0,0.0,0.0,0.0,0.0,0.0,3.0009,0.0,0.0,0.0,0.0
Día 312,0.0,0.0,0.0,0.0,0.0,0.0,0.0,-0.4613,0.0,0.6594,0.0,0.0,0.0,0.0,0.0,0.0,0.0,0.0,0.0,0.0,0.0,0.0,0.0,0.0,0.0,0.0,0.0,1.1448,0.0,0.0,0.0,0.0,0.0,0.0,0.0,0.1467,0.0,0.0,0.0,0.0
Día 313,0.0,0.0,0.0,0.0,0.0,0.0,-1.0574,0.0,0.0,0.0,0.0,0.0,0.0,0.0,0.0,0.0,0.0,0.0,0.0,0.0,0.0,0.0,0.0,0.0,0.0,0.0,0.0,0.0,0.0,0.0,0.0,1.4319,0.0,0.0,0.0,0.0,0.0,0.0,0.0,0.0
Día 314,0.0,0.0,0.0,0.0,0.0,0.0,0.0,0.0,0.3801,0.0,0.0,0.0,0.0,0.0,0.0,-0.6095,0.0,0.0,0.0,0.0,0.0,0.0,0.0,0.0,0.0,0.0,0.0,0.0,0.0,0.0,0.0,1.1041,0.0,0.0,0.0,0.0,0.0,0.0,0.0,0.0
Día 315,0.0,0.0,0.0,0.0,0.0,0.0,0.0,0.0,0.0,0.0,0.0,0.0,0.0,0.0,0.0,0.0,0.0,0.0,0.0,0.0,0.0,0.0,0.0,0.0,0.0,0.0,0.0,0.0,0.0,1.0992,0.0,0.0,0.0,0.0,0.0,0.0,0.0,0.0,0.0,0.1574
Día 316,0.0,-1.2842,0.0,0.0,0.0,0.0,0.0,0.0,0.0,0.0,0.0,0.0,0.0,0.0,0.0016,0.0,0.0,0.0,0.0,0.0,0.0,0.0,1.0445,0.0,0.0,0.0,0.0,0.0,0.0,0.0,0.0,0.0,0.0,0.0,0.0,0.0,0.0,0.0,0.0,0.0
Día 317,0.0,0.0,0.0,0.0,0.0,0.0,0.0,0.0,0.0,0.0,0.0,0.0,0.0,0.0,0.0,0.0,0.0,0.0,0.0,-1.8564,0.0,0.0,0.0,0.0,0.0,0.0,-2.0975,0.0,0.0,0.0,0.0,0.0,0.0,0.0,0.0,0.0,0.0,0.0,0.0,0.0
Día 318,0.0,0.4669,0.0,1.5321,0.0,0.0,0.0,0.0,-3.5312,0.0,0.0,0.0,0.0,0.0,0.0,0.0,0.0,0.0,0.0,0.0,0.0,0.0,0.0,-1.3842,0.0,0.0,0.0,0.0,0.0,0.0,0.0,0.0,0.0,0.0,0.0,0.0,0.0,0.0,0.0,0.0
Día 319,0.0,0.0,0.0,0.0,0.0,0.0,0.0,0.0,0.0,0.0,0.0323,0.0,0.0,0.0,-0.163,0.0,0.0,0.0,0.0,0.2405,0.0,0.0,0.0,0.0,0.0,0.0,0.0,3.9498,0.0,0.0,0.0,0.0,0.0,0.0,-0.3563,0.0,0.0,0.0,0.0,0.0
Día 320,0.0,0.0,0.0,0.0,0.0,0.0,0.0,0.0,0.0,0.0,0.0,0.0,0.2945,0.0,0.0,0.0,0.0,0.0,0.0,0.7587,0.0,0.0,0.0,0.0,0.0,0.0,0.0,0.6951,0.0,0.0,0.0,0.0,0.0,0.0,0.0,0.0,0.0,0.0,0.0,0.6343
Día 321,0.0,0.0,0.0,0.0,0.0,0.0,0.0,0.0,0.0,0.0,0.0,0.0,0.0,0.0,0.0,0.0,0.0,0.0,0.0,0.0,0.0,0.5646,0.0,0.0,0.0,0.0,0.0,0.0,0.0,0.0,0.0,0.0,-0.3461,0.0,-0.9311,0.0,0.0,-0.1356,0.0,0.0
Día 322,0.0,0.0,0.0,0.0,0.0,0.0,0.0,0.0,0.0,0.0,0.0,0.0,0.0,0.0,0.0,0.0,0.0,-2.7606,0.0,0.0,0.0,0.0,0.0,0.0,0.0,0.0,0.0,0.0,0.0,-1.5621,0.0,0.0,0.0,0.0,0.0,0.0,0.0,0.0,0.0,0.0
Día 323,0.0,0.0,0.0,0.2391,0.0,0.0,0.0,0.729,0.0,0.0,0.0,0.0,0.0,0.0,0.0,0.0,0.0,0.0,0.0,0.0,0.0,0.0,0.0,0.0,0.0,0.0,0.0,0.0,0.0,0.0,2.1351,0.0,0.0,0.0,0.0,0.0,0.0,0.0,0.0,0.0
Día 324,0.0,1.0784,0.0,0.0,0.7259,0.0,0.0,0.0,0.0,0.0,0.0,0.0,0.0,0.0,0.0,0.0,0.0,-1.0857,0.0,0.0,0.0,0.0,0.0,0.0,0.0,0.0,0.0,0.0,0.0,0.0,1.8023,0.0,0.0,0.0,0.0,0.0,0.0,0.0,0.0,0.0
Día 325,0.0,0.0,0.0,0.0,0.0,0.0,0.0,0.0,0.0,0.0,0.0,0.0,0.0,-0.3177,0.0,0.0,0.0,0.0,0.0,0.3611,0.0,0.0,0.0,0.0,0.0,0.0,0.0,1.4735,0.0,0.0,0.0,0.0,0.0,0.0,0.0,0.9438,0.0,0.0,0.0,0.0
Día 326,0.0,0.0,0.0,0.0,0.0,0.0,0.0,0.0,0.0,0.0,0.0,0.0,0.0,0.0,0.0,-0.7066,0.0,0.0,0.0,0.8561,0.0,0.0,0.0,0.0,-0.4449,0.0,0.0,0.0,0.0,0.0,0.0,0.7479,0.0,0.0,0.0,0.0,0.0,-0.0946,0.0,0.5038
Día 327,0.0,0.0,0.0,0.0,0.0,0.0,0.0,0.0,0.0,0.0,0.0,5.2719,0.0,0.0,0.0,0.0,0.0,0.0,0.0,0.0,0.0,0.0,0.0,0.0,0.0,0.0,0.0,0.0,0.0,0.0,0.0,0.0,0.0,0.0,0.0,0.0,0.0,0.0,0.0,0.0
Día 328,0.0,0.0,0.0,0.0,0.0,0.0,0.0,0.0,0.0,0.0,0.0,0.0,0.0,0.0,0.0,0.0,0.0,0.0,0.0,0.0,0.0,0.0,6.4823,0.0,0.0,0.0,0.0,0.0,0.0,0.0,0.0,0.0,0.0,0.0,0.0,0.0,0.0,0.0,0.0,0.0
Día 329,0.0,0.0,0.0,0.0,0.0,0.0,0.0,0.0,-0.3108,0.0,0.0,0.0,0.0,0.0,0.0,0.0,0.0,0.0,0.0,0.0,0.0,0.0,1.3654,0.0,0.0,0.0,-3.58,0.0,0.0,0.0,0.0,0.0,0.0,0.0,0.0,-0.2864,0.0,0.0,0.0,0.0
Día 330,0.0,0.0,0.0,0.0,0.0,0.0,0.0,0.0,0.0,0.0,0.0,0.0,0.0,0.0,0.0,0.0,0.0,0.0,0.0,0.0,0.0,0.0,0.0,0.0,0.0,0.0,-3.7414,0.0,0.0,0.0,0.0,0.0,0.0,0.0,0.0,0.0,0.0,0.0,0.0,0.0
Día 331,0.2189,0.0,0.0,0.0,0.0,0.0,0.0,0.0,0.0,0.0,0.0,0.0,0.0,0.0,0.0,0.0,-0.7938,0.0,0.0,0.0,0.0,0.0,0.0,0.0,0.0,0.0,0.0,0.0,0.0,0.0,0.0,0.0,-0.9606,0.0,0.0,0.0,0.0,-0.8126,0.0,0.0
Día 332,0.0,0.0,0.0,0.0,0.0,0.0,0.0,0.0,0.0,0.0,0.0,0.0,0.0,0.0,0.0,-0.0396,-0.5567,0.0,0.0,0.0,0.0,0.0,0.0,0.0,0.0,0.0,0.0,0.0,0.0,0.0,0.0,0.0,0.0,0.0,0.0,0.7437,0.0,0.0,0.0,2.6229
Día 333,0.0,0.0,0.0,0.0,0.0,0.0,0.0,0.0,0.0,0.0,0.0,0.0,0.0,0.0,0.0,0.0,0.0,0.0,0.0,0.0,0.0,0.0,0.0,0.0,0.0,0.0,0.0,0.0,0.0,-0.2818,0.8399,0.0,-1.1169,0.0,-1.0378,0.0,0.0,0.0,0.0,0.0
Día 334,0.0,0.0,0.0,0.0,0.0,0.0,0.0,0.0,0.0,0.0,0.0,0.0,0.0,0.0,0.0,0.0,0.0,0.0,0.0,0.0,0.0911,0.0,0.0,0.0,-2.2438,0.0,0.0,0.0,0.0,0.0,0.0,0.0,0.0,0.0,0.0,0.0,0.0,0.0,0.0,0.0
Día 335,0.0,0.0,0.0,0.0,0.0,0.0,-0.8238,0.0,0.0,0.0,0.0,0.0,0.0,0.0,0.0,0.0,0.0,0.0,0.0,0.0,0.0,0.0,1.364,0.0,0.0,0.0,0.0,0.0,0.0,0.0,0.0,0.0,0.0,0.0,0.0,0.0,0.1748,0.0,-1.4912,0.0
Día 336,0.0,0.0,0.0,0.0,0.0,0.0,0.0,0.0,0.0,0.7597,0.0,0.0,0.0,-1.9225,0.0,0.0,0.0,0.0,0.0,0.0,0.0,0.0,0.0,0.0,0.0,-0.1729,0.0,0.0,-0.4223,0.0,0.0,0.0,0.0,0.0,0.0,0.0,0.0,-0.2723,-0.6242,0.0
Día 337,3.2269,0.0,0.0,0.0,0.0,0.0,0.0,0.0,0.0,2.64,0.0,0.0,0.4793,0.0,0.0,0.0,0.0,0.0,0.0,0.0,0.0,0.0,0.0,0.0,0.0,0.0,0.0,0.0,0.0,0.0,0.0,0.0,0.0,0.0,0.0,0.0,0.0,0.0,0.0,0.0
Día 338,1.0711,0.0,0.0,0.0,0.0,0.0,0.0,0.0,0.0,2.2091,0.0,0.0,0.0,0.0,0.0,0.0,0.0,0.0,0.0,0.0,0.0,0.0,0.0,0.0,0.0,0.0,0.0,4.2878,0.0,0.0,0.0,0.0,0.0,0.0,0.0,0.0,0.0,0.0,0.0,0.0
Día 339,0.0,0.0,0.0,0.0,0.0,0.0,0.0,0.0,0.0,0.0,0.0,0.0,0.0,0.0,0.0,0.0,0.0,0.0,0.0,0.0,0.0,0.0,0.0,0.0,0.0,0.0,0.0,4.6239,0.0,0.0,0.0,0.0,0.0,0.0,-2.1326,0.0,0.0,0.0,0.0,0.0
Día 340,0.0,0.0,0.0,0.0,0.0,0.0,0.0,0.0,0.0,0.0,0.0,0.0,0.0,0.0,0.0,0.0,0.0,0.0,-0.6755,0.0,0.0,0.0,0.0,-1.1697,0.0,0.0,0.0,0.0,0.0,0.0,0.0,0.0,0.0,0.0,-1.915,0.0,0.0,0.0,0.0,0.0
Día 341,0.0,0.0,0.0,0.0,0.0,0.0,0.0,0.0,0.0,0.0,0.0,0.0,0.0,0.0,0.0,0.0,0.0,0.0,0.0,0.0,0.0,0.5839,0.0,-2.6755,0.0,0.0,0.0,0.0,0.0,0.0,0.0,0.0,0.0,0.0,0.0,0.0,0.0,0.0,-0.5935,0.2329
Día 342,0.0,0.0,0.0,0.0,0.0,0.0,0.0,0.0,0.0,0.0,0.0,0.0,0.0,-2.6069,0.0,0.0,0.0,0.0,0.0,0.0,0.0,0.0,0.0,0.0,0.0,-0.8649,0.0,0.0,-0.2494,0.0,0.0,0.0,0.0,0.0,0.0,0.0,0.0,0.0,0.0,0.0
Día 343,0.2262,0.0,0.0,0.0,0.0,0.0,0.0,0.0,0.0,0.0,0.0,0.0,2.2222,0.0,0.0,0.0,0.0,0.0,0.0,0.0,0.0,0.0,0.0,0.0,0.0,0.0,0.0,0.7571,0.0,0.0,0.0,0.0,0.0,0.0,0.0,0.0,0.0,0.0,0.0,2.2606
Día 344,0.3248,0.0,0.0,0.0,0.0,0.0,0.0,0.0,0.0,1.0222,0.0,0.0,0.0,-3.0835,0.0,0.0,0.0,0.0,0.0,0.0,0.0,0.0,0.0,-0.3921,0.0,0.0,0.0,1.3825,0.0,0.0,0.0,0.0,0.0,0.0,0.0,0.0,0.0,0.0,0.0,0.0
Día 345,0.0,0.0,0.0,0.0,0.0,0.0,0.0,0.0,0.0,1.9274,0.0,0.0,1.8655,0.0,0.0,0.0,0.0,0.0,-0.8451,0.0,0.0,0.0,0.0,0.0,0.0,0.0,0.0,0.0,-0.6938,0.0,0.0,0.0,0.0,0.0,0.0,0.0,0.0,0.0,-0.5326,0.0
Día 346,0.0,0.0,0.0,0.0,0.0,0.0,0.0,0.0,0.0,0.0,-0.7548,0.0,0.0,0.0,0.0,0.0,0.0,-0.9081,-3.6751,0.0,0.0,0.0,0.0,0.0,0.0,0.0,0.0,0.0,0.0,0.0,0.0,0.0,0.0,0.0,0.0,0.0,0.0,0.0,0.0,0.0
Día 347,0.0,0.0,0.0,0.0,0.0,0.0,0.0,0.0,-0.6013,0.0,0.0,0.0,0.0,0.0,0.0,0.0,0.0,0.0,0.0,0.0,0.0,0.0,0.0,-6.9267,0.0,0.0,0.0,0.0,0.0,0.0,0.0,0.0,0.0,0.0,0.0,0.0,0.0,0.0,0.0,0.0
Día 348,0.0,0.0,0.0,0.0,0.0,0.0,0.0,0.0,0.0,0.0,0.0,0.0,3.4265,0.0,0.0,0.0,0.0,0.0,0.0,0.0,0.0,0.0,0.0,0.0,0.0,0.0,0.0,3.1809,0.0,0.0,0.0,0.0,0.0,0.0,0.0,0.0,0.0,0.0,0.0,1.4791
Día 349,0.0,0.0,0.0,0.0,0.0,0.0,0.0,0.0,0.0,0.0,0.0,0.0,1.4523,0.0,0.0,0.0,0.0,0.0,0.0,0.0,0.0,0.0,0.0,0.0,0.0,0.0,0.0,0.0,-0.3913,0.0,0.0,1.3578,0.0,0.0,0.0,0.0,0.0,0.0,0.0,0.0
Día 350,0.0,0.0,1.4252,0.0,0.0,0.0,0.0,0.0,0.0,1.8,0.0,0.0,0.0,0.0,0.0,0.0,0.0,0.0,0.0,0.0,0.0,0.0,0.0,0.0,0.0,-0.5902,0.0,0.0,-0.2994,0.0,0.0,0.0,0.0,0.0,0.0,0.0,0.0,0.0,0.0,0.0
Día 351,0.0,0.0,0.0,0.0,0.0,0.0,0.0,0.0,0.0,0.0,0.0,0.0,0.4332,-1.0937,0.0,0.0,0.0,0.0,0.0,0.0,0.0,0.0,0.0,0.0,0.0,0.0,0.0,1.5445,0.0,0.0,0.0,0.0,0.0,0.0,0.0,0.0,0.0,0.0,0.0,0.0
Día 352,0.0,0.0,0.0,0.0,0.0,0.0,0.0,0.0,0.0,0.0,0.0,0.0,0.0,0.0,0.0,0.0,0.0,0.0,0.0,0.0,0.0,0.0,0.0,0.0,0.0,0.0,0.0,0.0,0.0,0.0,0.0,0.0,0.0,0.0,0.0,0.0,0.0,-1.107,-1.1992,0.0
Día 353,0.0,0.0,0.0,0.0,0.0,0.0,0.0,0.0,0.0,0.0,0.0,0.0,0.8141,0.0,0.0,0.0,0.0,-0.3879,-0.6133,0.0,0.0,0.0,0.0,0.0,-1.3601,0.0,0.0,0.0,0.0,0.0,0.0,0.0,0.0,-0.4705,0.0,0.0,0.0,0.0,0.0,0.0
Día 354,0.0,0.0,0.0,0.0,0.0,0.0,0.0,0.0,-4.1717,0.0,-0.3951,2.1788,0.0,0.0,0.5278,0.9328,0.0,0.0,0.0,0.0,0.0,0.0,0.0,0.0,0.0,0.0,0.0,0.0,0.0,0.0,0.0,0.0,0.0,0.0,0.0,0.0,0.0,0.0,0.0,0.0
Día 355,0.0,0.0,0.0,0.0,0.0,0.0,0.0,0.0,0.0,1.5508,0.0,0.0,0.0,0.0,0.0,0.0,0.0,0.0,0.0,0.0,0.0,0.0,0.0,0.0,0.0,-0.4964,0.0,0.0,-0.4892,0.0,0.0,0.0,0.0,0.0,0.0,0.0,0.0,0.0,-1.4272,0.0
Día 356,0.0,0.0,0.0,0.0,0.0,0.0,0.0,0.0,0.0,0.0,0.0,0.0,0.7272,-1.0267,0.0,0.0,0.0,0.0,0.0,0.2866,0.0,0.0,0.0,0.0,0.0,0.0,0.0,0.0,-0.3048,0.0,0.0,0.1508,0.0,0.0,0.0,0.0,0.0,-0.33,0.0,0.3739
Día 357,0.0,0.0,0.0,0.0,0.0,0.0,0.0,0.0,0.0,0.0,0.0,0.0,0.0,-1.3919,0.0,0.0,0.0,0.0,0.0,0.0,0.0,0.0,0.0,0.0,0.0,-0.4499,0.0,0.0,-1.0826,0.0,0.0,0.0,0.0,0.0,0.0,0.0,0.0,0.0,0.0,0.0
Día 358,0.0,0.0,0.0,0.0,0.0,0.0,-0.2442,0.0,0.0,4.935,0.0,0.0,0.0,-0.1121,0.0,0.0,0.0,0.0,0.0,0.0,0.0,0.0,0.0,0.0,0.0,0.0,0.0,0.0,0.0,0.0,0.0,0.247,0.0,0.0,0.0,0.0,0.0,0.0,0.0,0.0
Día 359,0.0,0.0,0.0,0.0,0.0,0.0,0.0,0.0,0.0,0.0,0.0,0.0,0.0,0.0,0.0,0.0,0.0,0.0,0.0,0.0,2.9187,0.0,0.0,0.0,0.0,0.0,0.0,0.0,-0.197,0.0,0.0,0.0,0.0,0.0,0.0,0.0,0.0,-0.6981,0.0,0.0
Día 360,0.0,0.0,0.0,0.0,0.0,0.0,0.0,0.0,0.0,0.0,0.0,0.0,0.0,0.0,0.0,0.0,0.0,0.0,0.0,0.0,0.0,0.1828,0.0,0.0,0.0,-0.7207,0.0,0.0,-1.4059,0.0,0.0,0.0,0.0,0.0,0.0,0.0,0.0,-0.5203,-0.026,0.0
